name,username,season,earned,regression,events
Brick Wall Jr.,brickwall35,16,179,0,23
Brick Wall Jr.,brickwall35,17,139,0,20
Brick Wall Jr.,brickwall35,18,158,0,24
Brick Wall Jr.,brickwall35,19,137,0,24
Brick Wall Jr.,brickwall35,20,196,-280,29
Brick Wall Jr.,brickwall35,21,197,-336,20
Brick Wall Jr.,brickwall35,22,141,-316,24
Brick Wall Jr.,brickwall35,23,131,-340,28
Brick Wall Jr.,brickwall35,24,95,-345,18
Brick Wall Jr.,brickwall35,25,101,-314,19
Brick Wall Jr.,brickwall35,26,114,-282,18
Brick Wall Jr.,brickwall35,27,40,0,6
Alessandro Del Pirlo,Zoone16,16,247,0,31
Alessandro Del Pirlo,Zoone16,17,182,0,29
Alessandro Del Pirlo,Zoone16,18,187,0,32
Alessandro Del Pirlo,Zoone16,19,171,0,29
Alessandro Del Pirlo,Zoone16,20,210,-321,34
Alessandro Del Pirlo,Zoone16,21,240,-397,29
Alessandro Del Pirlo,Zoone16,22,220,-376,39
Alessandro Del Pirlo,Zoone16,23,211,-420,39
Alessandro Del Pirlo,Zoone16,24,179,-444,31
Alessandro Del Pirlo,Zoone16,25,189,-426,35
Alessandro Del Pirlo,Zoone16,26,172,-389,32
Wang Zhihao,Puppy,16,157,0,26
Wang Zhihao,Puppy,17,282,0,35
Wang Zhihao,Puppy,18,197,0,33
Wang Zhihao,Puppy,19,169,0,30
Wang Zhihao,Puppy,20,226,-334,36
Wang Zhihao,Puppy,21,254,-406,25
Wang Zhihao,Puppy,22,166,-378,26
Wang Zhihao,Puppy,23,164,-418,32
Wang Zhihao,Puppy,24,129,-427,20
Wang Zhihao,Puppy,25,120,-384,18
Wang Zhihao,Puppy,26,122,-327,17
Gerd Klose,Muford,16,257,0,28
Gerd Klose,Muford,17,180,0,27
Gerd Klose,Muford,18,216,0,21
Gerd Klose,Muford,19,145,0,21
Gerd Klose,Muford,20,119,0,15
Gerd Klose,Muford,21,202,-292,21
Gerd Klose,Muford,22,72,-274,12
Gerd Klose,Muford,23,36,-317,4
Gerd Klose,Muford,24,0,-317,0
Gerd Klose,Muford,25,0,-285,0
Gerd Klose,Muford,26,0,-233,0
Steven Urkel,ZootTX,16,211,0,28
Steven Urkel,ZootTX,17,149,0,27
Steven Urkel,ZootTX,18,229,0,34
Steven Urkel,ZootTX,19,161,0,29
Steven Urkel,ZootTX,20,237,0,36
Steven Urkel,ZootTX,21,271,-316,31
Steven Urkel,ZootTX,22,169,-310,31
Steven Urkel,ZootTX,23,193,-384,34
Steven Urkel,ZootTX,24,132,-428,22
Steven Urkel,ZootTX,25,146,-424,25
Steven Urkel,ZootTX,26,106,-387,18
Steven Urkel,ZootTX,27,66,0,9
Marco Tentacles,Squid,16,233,0,30
Marco Tentacles,Squid,17,173,0,29
Marco Tentacles,Squid,18,223,0,33
Marco Tentacles,Squid,19,136,0,28
Marco Tentacles,Squid,20,258,0,37
Marco Tentacles,Squid,21,257,-315,29
Marco Tentacles,Squid,22,162,-308,30
Marco Tentacles,Squid,23,213,-381,39
Marco Tentacles,Squid,24,130,-427,24
Marco Tentacles,Squid,25,96,-414,15
Marco Tentacles,Squid,26,78,-361,13
Nathan Cormier,JR95,16,231,0,29
Nathan Cormier,JR95,17,200,0,30
Nathan Cormier,JR95,18,183,0,31
Nathan Cormier,JR95,19,122,0,17
Nathan Cormier,JR95,20,194,0,27
Nathan Cormier,JR95,21,100,0,20
Nathan Cormier,JR95,22,105,-188,18
Nathan Cormier,JR95,23,71,-260,12
Nathan Cormier,JR95,24,12,-303,2
Nathan Cormier,JR95,25,0,-302,0
Nathan Cormier,JR95,26,0,-272,0
Mei Sukzuki,Breeze837,16,118,0,15
Mei Sukzuki,Breeze837,17,161,0,16
Mei Sukzuki,Breeze837,18,106,0,15
Mei Sukzuki,Breeze837,19,77,0,15
Mei Sukzuki,Breeze837,20,167,0,19
Mei Sukzuki,Breeze837,21,18,0,2
Mei Sukzuki,Breeze837,22,24,-126,3
Mei Sukzuki,Breeze837,23,18,-172,3
Mei Sukzuki,Breeze837,24,24,-199,4
Mei Sukzuki,Breeze837,25,0,-201,0
Mei Sukzuki,Breeze837,26,0,-181,0
Bérangère-Amandine Bruère-Estrangin,JURT,16,114,0,16
Bérangère-Amandine Bruère-Estrangin,JURT,17,110,0,13
Bérangère-Amandine Bruère-Estrangin,JURT,18,148,0,23
Bérangère-Amandine Bruère-Estrangin,JURT,19,98,0,16
Bérangère-Amandine Bruère-Estrangin,JURT,20,159,0,23
Bérangère-Amandine Bruère-Estrangin,JURT,21,59,0,11
Bérangère-Amandine Bruère-Estrangin,JURT,22,64,0,13
Bérangère-Amandine Bruère-Estrangin,JURT,23,108,-132,18
Bérangère-Amandine Bruère-Estrangin,JURT,24,130,-195,21
Bérangère-Amandine Bruère-Estrangin,JURT,25,56,-239,11
Bérangère-Amandine Bruère-Estrangin,JURT,26,36,-249,4
Bérangère-Amandine Bruère-Estrangin,JURT,27,28,0,3
Fernand Rivest,Frenchie,16,201,0,22
Fernand Rivest,Frenchie,17,168,0,19
Fernand Rivest,Frenchie,18,165,0,24
Fernand Rivest,Frenchie,19,49,0,5
Fernand Rivest,Frenchie,20,28,0,5
Fernand Rivest,Frenchie,21,18,0,2
Fernand Rivest,Frenchie,22,18,0,2
Fernand Rivest,Frenchie,23,0,-108,0
Fernand Rivest,Frenchie,24,0,-146,0
Fernand Rivest,Frenchie,25,0,-165,0
Fernand Rivest,Frenchie,26,0,-165,0
Duncan Walrusson,Jexter,16,204,0,27
Duncan Walrusson,Jexter,17,119,0,22
Duncan Walrusson,Jexter,18,248,0,32
Duncan Walrusson,Jexter,19,129,0,26
Duncan Walrusson,Jexter,20,203,0,31
Duncan Walrusson,Jexter,21,162,0,30
Duncan Walrusson,Jexter,22,177,0,35
Duncan Walrusson,Jexter,23,210,-192,39
Duncan Walrusson,Jexter,24,173,-291,31
Duncan Walrusson,Jexter,25,162,-361,31
Duncan Walrusson,Jexter,26,166,-404,30
Duncan Walrusson,Jexter,27,62,0,11
Beaklie Eilish,kahri,16,161,0,23
Beaklie Eilish,kahri,17,254,0,30
Beaklie Eilish,kahri,18,180,0,32
Beaklie Eilish,kahri,19,198,0,31
Beaklie Eilish,kahri,20,203,0,32
Beaklie Eilish,kahri,21,133,0,23
Beaklie Eilish,kahri,22,160,0,29
Beaklie Eilish,kahri,23,226,-200,43
Beaklie Eilish,kahri,24,158,-301,25
Beaklie Eilish,kahri,25,136,-369,21
Beaklie Eilish,kahri,26,141,-402,21
Beaklie Eilish,kahri,27,30,0,5
Alexandros Mograine,sliceruser,16,201,0,27
Alexandros Mograine,sliceruser,17,206,0,30
Alexandros Mograine,sliceruser,18,237,0,35
Alexandros Mograine,sliceruser,19,167,0,30
Alexandros Mograine,sliceruser,20,258,0,37
Alexandros Mograine,sliceruser,21,133,0,27
Alexandros Mograine,sliceruser,22,184,0,35
Alexandros Mograine,sliceruser,23,167,-207,30
Alexandros Mograine,sliceruser,24,152,-307,28
Alexandros Mograine,sliceruser,25,130,-373,22
Alexandros Mograine,sliceruser,26,118,-403,23
Alexandros Mograine,sliceruser,27,12,0,2
Santos Neymarinho,5oulja,16,171,0,26
Santos Neymarinho,5oulja,17,188,0,28
Santos Neymarinho,5oulja,18,214,0,31
Santos Neymarinho,5oulja,19,176,0,26
Santos Neymarinho,5oulja,20,187,0,30
Santos Neymarinho,5oulja,21,152,0,27
Santos Neymarinho,5oulja,22,147,0,24
Santos Neymarinho,5oulja,23,140,-191,29
Santos Neymarinho,5oulja,24,0,-264,0
Santos Neymarinho,5oulja,25,0,-298,0
Santos Neymarinho,5oulja,26,12,-301,2
Sterling Scott,AgentSmith,16,225,0,27
Sterling Scott,AgentSmith,17,184,0,26
Sterling Scott,AgentSmith,18,209,0,32
Sterling Scott,AgentSmith,19,93,0,20
Sterling Scott,AgentSmith,20,220,0,33
Sterling Scott,AgentSmith,21,122,0,23
Sterling Scott,AgentSmith,22,178,0,34
Sterling Scott,AgentSmith,23,189,-192,34
Sterling Scott,AgentSmith,24,179,-290,31
Sterling Scott,AgentSmith,25,147,-358,28
Sterling Scott,AgentSmith,26,151,-393,27
Sterling Scott,AgentSmith,27,52,0,8
Jean Girard,Gordon Bombay,16,120,0,16
Jean Girard,Gordon Bombay,17,102,0,12
Jean Girard,Gordon Bombay,18,156,0,18
Jean Girard,Gordon Bombay,19,73,0,9
Jean Girard,Gordon Bombay,20,148,0,13
Jean Girard,Gordon Bombay,21,96,0,15
Jean Girard,Gordon Bombay,23,36,-125,3
Jean Girard,Gordon Bombay,24,0,-168,0
Jean Girard,Gordon Bombay,25,0,-190,0
Jean Girard,Gordon Bombay,26,0,-190,0
Evan Hunt,MattyIce,16,146,0,21
Evan Hunt,MattyIce,17,210,0,24
Evan Hunt,MattyIce,18,114,0,21
Evan Hunt,MattyIce,19,132,0,20
Evan Hunt,MattyIce,20,172,0,27
Evan Hunt,MattyIce,21,115,0,19
Evan Hunt,MattyIce,22,108,0,17
Evan Hunt,MattyIce,23,95,-155,15
Evan Hunt,MattyIce,24,126,-232,21
Evan Hunt,MattyIce,25,78,-277,13
Evan Hunt,MattyIce,26,66,-295,9
Evan Hunt,MattyIce,27,42,0,5
Zyqwarndalethron Velstrazyn-Smith,jason kranz,16,158,0,24
Zyqwarndalethron Velstrazyn-Smith,jason kranz,17,168,0,23
Zyqwarndalethron Velstrazyn-Smith,jason kranz,18,289,0,37
Zyqwarndalethron Velstrazyn-Smith,jason kranz,19,104,0,19
Zyqwarndalethron Velstrazyn-Smith,jason kranz,20,28,0,5
Zyqwarndalethron Velstrazyn-Smith,jason kranz,23,0,-129,0
Zyqwarndalethron Velstrazyn-Smith,jason kranz,24,0,-174,0
Zyqwarndalethron Velstrazyn-Smith,jason kranz,25,0,-197,0
Zyqwarndalethron Velstrazyn-Smith,jason kranz,26,0,-197,0
Devon Wagner,Gage2,16,120,0,15
Devon Wagner,Gage2,17,91,0,10
Devon Wagner,Gage2,18,118,0,10
Devon Wagner,Gage2,19,72,0,8
Devon Wagner,Gage2,20,112,0,14
Devon Wagner,Gage2,21,18,0,2
Devon Wagner,Gage2,23,0,-103,0
Devon Wagner,Gage2,24,0,-139,0
Devon Wagner,Gage2,25,0,-157,0
Devon Wagner,Gage2,26,0,-157,0
Ilya Prusikin,OrbitingDeath,16,195,0,27
Ilya Prusikin,OrbitingDeath,17,234,0,32
Ilya Prusikin,OrbitingDeath,18,213,0,32
Ilya Prusikin,OrbitingDeath,19,176,0,30
Ilya Prusikin,OrbitingDeath,20,231,0,34
Ilya Prusikin,OrbitingDeath,21,179,0,33
Ilya Prusikin,OrbitingDeath,22,186,0,35
Ilya Prusikin,OrbitingDeath,23,235,-216,43
Ilya Prusikin,OrbitingDeath,24,177,-323,31
Ilya Prusikin,OrbitingDeath,25,157,-396,28
Ilya Prusikin,OrbitingDeath,26,190,-441,33
Ilya Prusikin,OrbitingDeath,27,83,0,13
William Williams,Xotcin,16,208,0,27
William Williams,Xotcin,17,223,0,30
William Williams,Xotcin,18,192,0,31
William Williams,Xotcin,19,174,0,30
William Williams,Xotcin,20,209,0,33
William Williams,Xotcin,21,112,0,19
William Williams,Xotcin,22,147,0,27
William Williams,Xotcin,23,149,-190,24
William Williams,Xotcin,24,51,-271,9
William Williams,Xotcin,25,54,-317,7
William Williams,Xotcin,26,33,-326,6
Anthony Lee,Antman,16,119,0,18
Anthony Lee,Antman,17,123,0,19
Anthony Lee,Antman,18,167,0,24
Anthony Lee,Antman,19,87,0,18
Anthony Lee,Antman,20,155,0,23
Anthony Lee,Antman,21,104,0,21
Anthony Lee,Antman,22,109,0,25
Anthony Lee,Antman,23,148,-145,28
Anthony Lee,Antman,24,102,-216,20
Anthony Lee,Antman,25,121,-267,23
Anthony Lee,Antman,26,117,-295,22
Anthony Lee,Antman,27,7,0,1
Puma Superhoops,kdr,16,146,0,23
Puma Superhoops,kdr,17,216,0,28
Puma Superhoops,kdr,18,204,0,35
Puma Superhoops,kdr,19,131,0,26
Puma Superhoops,kdr,20,171,0,27
Puma Superhoops,kdr,21,81,0,14
Puma Superhoops,kdr,22,46,0,7
Puma Superhoops,kdr,23,98,-153,16
Puma Superhoops,kdr,24,161,-239,28
Puma Superhoops,kdr,25,99,-285,16
Puma Superhoops,kdr,26,89,-314,15
Puma Superhoops,kdr,27,42,0,6
Louie Duck,xjoverax,16,186,0,24
Louie Duck,xjoverax,17,146,0,27
Louie Duck,xjoverax,18,221,0,33
Louie Duck,xjoverax,19,181,0,30
Louie Duck,xjoverax,20,195,0,28
Louie Duck,xjoverax,21,147,0,23
Louie Duck,xjoverax,22,30,0,4
Louie Duck,xjoverax,24,0,-150,0
Louie Duck,xjoverax,25,0,-202,0
Louie Duck,xjoverax,26,0,-228,0
Hercule Hefeweizen,Wiggli,16,208,0,25
Hercule Hefeweizen,Wiggli,17,179,0,31
Hercule Hefeweizen,Wiggli,18,276,0,36
Hercule Hefeweizen,Wiggli,19,160,0,29
Hercule Hefeweizen,Wiggli,20,219,0,34
Hercule Hefeweizen,Wiggli,21,209,0,34
Hercule Hefeweizen,Wiggli,22,162,0,33
Hercule Hefeweizen,Wiggli,23,216,0,42
Hercule Hefeweizen,Wiggli,24,183,-221,32
Hercule Hefeweizen,Wiggli,25,182,-322,35
Hercule Hefeweizen,Wiggli,26,153,-398,29
Hercule Hefeweizen,Wiggli,27,64,0,10
Mikko Rashford II,RashfordU,16,200,0,25
Mikko Rashford II,RashfordU,17,195,0,29
Mikko Rashford II,RashfordU,18,209,0,32
Mikko Rashford II,RashfordU,19,177,0,30
Mikko Rashford II,RashfordU,20,248,0,36
Mikko Rashford II,RashfordU,21,186,0,32
Mikko Rashford II,RashfordU,22,214,0,36
Mikko Rashford II,RashfordU,23,221,0,40
Mikko Rashford II,RashfordU,24,105,-216,17
Mikko Rashford II,RashfordU,25,113,-308,17
Mikko Rashford II,RashfordU,26,160,-378,27
Mikko Rashford II,RashfordU,27,74,0,11
Hippity Hoppity,bfan8475,16,188,0,24
Hippity Hoppity,bfan8475,17,171,0,29
Hippity Hoppity,bfan8475,18,267,0,34
Hippity Hoppity,bfan8475,19,154,0,28
Hippity Hoppity,bfan8475,20,252,0,35
Hippity Hoppity,bfan8475,21,147,0,26
Hippity Hoppity,bfan8475,22,18,0,2
Hippity Hoppity,bfan8475,24,0,-160,0
Hippity Hoppity,bfan8475,25,0,-215,0
Hippity Hoppity,bfan8475,26,0,-244,0
Roquefort Cotswold,roquefort,16,191,0,24
Roquefort Cotswold,roquefort,17,205,0,30
Roquefort Cotswold,roquefort,18,254,0,37
Roquefort Cotswold,roquefort,19,180,0,30
Roquefort Cotswold,roquefort,20,243,0,36
Roquefort Cotswold,roquefort,21,197,0,34
Roquefort Cotswold,roquefort,22,197,0,39
Roquefort Cotswold,roquefort,23,244,0,44
Roquefort Cotswold,roquefort,24,195,-227,33
Roquefort Cotswold,roquefort,25,190,-334,34
Roquefort Cotswold,roquefort,26,156,-415,29
Roquefort Cotswold,roquefort,27,81,0,12
Jia Yun,SDCore,16,136,0,11
Jia Yun,SDCore,17,55,0,8
Jia Yun,SDCore,18,46,0,2
Jia Yun,SDCore,19,46,0,2
Jia Yun,SDCore,20,64,0,7
Jia Yun,SDCore,21,49,0,7
Jia Yun,SDCore,22,36,0,5
Jia Yun,SDCore,24,56,-85,9
Jia Yun,SDCore,25,0,-117,0
Jia Yun,SDCore,26,0,-132,0
Yoma Hashimoto,KnowledgeBoy,16,109,0,14
Yoma Hashimoto,KnowledgeBoy,17,227,0,28
Yoma Hashimoto,KnowledgeBoy,18,233,0,34
Yoma Hashimoto,KnowledgeBoy,19,165,0,29
Yoma Hashimoto,KnowledgeBoy,20,197,0,30
Yoma Hashimoto,KnowledgeBoy,21,215,0,34
Yoma Hashimoto,KnowledgeBoy,22,186,0,34
Yoma Hashimoto,KnowledgeBoy,23,230,0,41
Yoma Hashimoto,KnowledgeBoy,24,151,-209,28
Yoma Hashimoto,KnowledgeBoy,25,219,-310,37
Yoma Hashimoto,KnowledgeBoy,26,141,-382,27
Yoma Hashimoto,KnowledgeBoy,27,42,0,7
Nerve De Groot,SpiNz001,16,98,0,13
Nerve De Groot,SpiNz001,17,199,0,24
Nerve De Groot,SpiNz001,18,161,0,28
Nerve De Groot,SpiNz001,19,184,0,25
Nerve De Groot,SpiNz001,20,185,0,27
Nerve De Groot,SpiNz001,21,146,0,21
Nerve De Groot,SpiNz001,22,103,0,19
Nerve De Groot,SpiNz001,23,164,0,31
Nerve De Groot,SpiNz001,24,157,-178,25
Nerve De Groot,SpiNz001,25,103,-252,18
Nerve De Groot,SpiNz001,26,68,-304,13
Nerve De Groot,SpiNz001,27,45,0,6
Orlando Mastache Maldonado,z0rem,16,129,0,16
Orlando Mastache Maldonado,z0rem,17,186,0,21
Orlando Mastache Maldonado,z0rem,18,196,0,27
Orlando Mastache Maldonado,z0rem,19,130,0,22
Orlando Mastache Maldonado,z0rem,20,203,0,31
Orlando Mastache Maldonado,z0rem,21,77,0,11
Orlando Mastache Maldonado,z0rem,22,30,0,5
Orlando Mastache Maldonado,z0rem,24,0,-131,0
Orlando Mastache Maldonado,z0rem,25,0,-176,0
Orlando Mastache Maldonado,z0rem,26,0,-199,0
Riamel Kloulechad,Aephino,16,190,0,21
Riamel Kloulechad,Aephino,17,97,0,21
Riamel Kloulechad,Aephino,18,159,0,23
Riamel Kloulechad,Aephino,19,98,0,13
Riamel Kloulechad,Aephino,20,34,0,6
Riamel Kloulechad,Aephino,24,0,-93,0
Riamel Kloulechad,Aephino,25,0,-126,0
Riamel Kloulechad,Aephino,26,0,-142,0
Bob Kronkowski,papalinator,16,119,0,14
Bob Kronkowski,papalinator,17,145,0,22
Bob Kronkowski,papalinator,18,113,0,12
Bob Kronkowski,papalinator,19,88,0,7
Bob Kronkowski,papalinator,20,110,0,17
Bob Kronkowski,papalinator,21,61,0,9
Bob Kronkowski,papalinator,22,71,0,11
Bob Kronkowski,papalinator,23,24,0,3
Bob Kronkowski,papalinator,24,0,-109,0
Bob Kronkowski,papalinator,25,0,-146,0
Bob Kronkowski,papalinator,26,0,-166,0
Goku Atliketwopercent,Ruggsy,16,134,0,15
Goku Atliketwopercent,Ruggsy,17,154,0,21
Goku Atliketwopercent,Ruggsy,18,172,0,24
Goku Atliketwopercent,Ruggsy,19,122,0,17
Goku Atliketwopercent,Ruggsy,20,208,0,28
Goku Atliketwopercent,Ruggsy,21,126,0,21
Goku Atliketwopercent,Ruggsy,22,118,0,23
Goku Atliketwopercent,Ruggsy,23,145,0,24
Goku Atliketwopercent,Ruggsy,24,105,-163,17
Goku Atliketwopercent,Ruggsy,25,51,-228,9
Goku Atliketwopercent,Ruggsy,26,54,-269,9
Goku Atliketwopercent,Ruggsy,27,24,0,4
Calvin Ball,Vrain,16,164,0,12
Calvin Ball,Vrain,17,159,0,21
Calvin Ball,Vrain,18,198,0,33
Calvin Ball,Vrain,19,192,0,28
Calvin Ball,Vrain,20,142,0,21
Calvin Ball,Vrain,24,0,-121,0
Calvin Ball,Vrain,25,0,-163,0
Calvin Ball,Vrain,26,0,-185,0
Anton Obranca,Citizen of Adraa,16,148,0,10
Anton Obranca,Citizen of Adraa,17,83,0,15
Anton Obranca,Citizen of Adraa,18,109,0,12
Anton Obranca,Citizen of Adraa,19,64,0,5
Anton Obranca,Citizen of Adraa,20,93,0,12
Anton Obranca,Citizen of Adraa,21,24,0,2
Anton Obranca,Citizen of Adraa,23,46,0,6
Anton Obranca,Citizen of Adraa,24,0,-92,0
Anton Obranca,Citizen of Adraa,25,0,-124,0
Anton Obranca,Citizen of Adraa,26,0,-141,0
Hanibal Armaros,baz,16,113,0,9
Hanibal Armaros,baz,17,194,0,26
Hanibal Armaros,baz,18,184,0,23
Hanibal Armaros,baz,19,129,0,18
Hanibal Armaros,baz,20,171,0,27
Hanibal Armaros,baz,21,132,0,21
Hanibal Armaros,baz,22,102,0,14
Hanibal Armaros,baz,23,108,0,17
Hanibal Armaros,baz,24,36,-149,3
Hanibal Armaros,baz,25,137,-224,21
Hanibal Armaros,baz,26,133,-280,22
Hanibal Armaros,baz,27,30,0,5
Julian Rubio,donut,16,46,0,3
Julian Rubio,donut,17,170,0,25
Julian Rubio,donut,18,256,0,40
Julian Rubio,donut,19,190,0,32
Julian Rubio,donut,20,252,0,36
Julian Rubio,donut,21,192,0,34
Julian Rubio,donut,22,224,0,37
Julian Rubio,donut,23,235,0,43
Julian Rubio,donut,24,201,0,33
Julian Rubio,donut,25,199,-228,36
Julian Rubio,donut,26,157,-334,30
Julian Rubio,donut,27,82,0,13
Berit Skovgaard,mer,16,0,0,1
Berit Skovgaard,mer,17,62,0,5
Berit Skovgaard,mer,18,144,0,22
Berit Skovgaard,mer,19,61,0,5
Berit Skovgaard,mer,20,28,0,5
Berit Skovgaard,mer,21,102,0,15
Berit Skovgaard,mer,22,109,0,17
Berit Skovgaard,mer,25,60,-92,9
Berit Skovgaard,mer,26,0,-124,0
Aleksandr Skovgaard,Faelax,16,0,0,1
Aleksandr Skovgaard,Faelax,17,131,0,19
Aleksandr Skovgaard,Faelax,18,157,0,26
Aleksandr Skovgaard,Faelax,19,148,0,22
Aleksandr Skovgaard,Faelax,20,121,0,16
Aleksandr Skovgaard,Faelax,21,79,0,10
Aleksandr Skovgaard,Faelax,22,101,0,15
Aleksandr Skovgaard,Faelax,25,0,-109,0
Aleksandr Skovgaard,Faelax,26,0,-147,0
Caspian Skovgaard,.Evok,16,0,0,1
Caspian Skovgaard,.Evok,17,148,0,21
Caspian Skovgaard,.Evok,18,207,0,35
Caspian Skovgaard,.Evok,19,164,0,25
Caspian Skovgaard,.Evok,20,236,0,33
Caspian Skovgaard,.Evok,21,137,0,28
Caspian Skovgaard,.Evok,22,188,0,33
Caspian Skovgaard,.Evok,23,223,0,42
Caspian Skovgaard,.Evok,24,182,0,31
Caspian Skovgaard,.Evok,25,111,-194,19
Caspian Skovgaard,.Evok,26,30,-266,5
Caspian Skovgaard,.Evok,27,6,0,1
Dina Skovgaard,RAmenAmen,16,46,0,3
Dina Skovgaard,RAmenAmen,17,170,0,25
Dina Skovgaard,RAmenAmen,18,246,0,39
Dina Skovgaard,RAmenAmen,19,149,0,28
Dina Skovgaard,RAmenAmen,20,195,0,30
Dina Skovgaard,RAmenAmen,21,158,0,29
Dina Skovgaard,RAmenAmen,22,189,0,35
Dina Skovgaard,RAmenAmen,23,231,0,40
Dina Skovgaard,RAmenAmen,24,147,0,27
Dina Skovgaard,RAmenAmen,25,170,-204,29
Dina Skovgaard,RAmenAmen,26,163,-300,28
Dina Skovgaard,RAmenAmen,27,45,0,8
George Shaheen,Jiggy,17,202,0,26
George Shaheen,Jiggy,18,237,0,39
George Shaheen,Jiggy,19,170,0,29
George Shaheen,Jiggy,20,203,0,32
George Shaheen,Jiggy,21,189,0,32
George Shaheen,Jiggy,22,188,0,34
George Shaheen,Jiggy,23,226,0,39
George Shaheen,Jiggy,24,197,0,33
George Shaheen,Jiggy,25,157,-212,29
George Shaheen,Jiggy,26,156,-308,27
George Shaheen,Jiggy,27,34,0,7
Charlie Chambers,Rich,17,215,0,27
Charlie Chambers,Rich,18,241,0,36
Charlie Chambers,Rich,19,153,0,28
Charlie Chambers,Rich,20,258,0,36
Charlie Chambers,Rich,21,176,0,30
Charlie Chambers,Rich,22,190,0,34
Charlie Chambers,Rich,23,237,0,42
Charlie Chambers,Rich,24,143,0,27
Charlie Chambers,Rich,25,183,-214,33
Charlie Chambers,Rich,26,66,-295,9
Thomas Hohenhahn,norththegreatestshowman,17,217,0,28
Thomas Hohenhahn,norththegreatestshowman,18,235,0,39
Thomas Hohenhahn,norththegreatestshowman,19,163,0,30
Thomas Hohenhahn,norththegreatestshowman,20,259,0,38
Thomas Hohenhahn,norththegreatestshowman,21,191,0,32
Thomas Hohenhahn,norththegreatestshowman,22,205,0,37
Thomas Hohenhahn,norththegreatestshowman,23,242,0,44
Thomas Hohenhahn,norththegreatestshowman,24,201,0,33
Thomas Hohenhahn,norththegreatestshowman,25,199,-222,35
Thomas Hohenhahn,norththegreatestshowman,26,163,-326,28
Thomas Hohenhahn,norththegreatestshowman,27,46,0,8
João Peixoto,zeagle1,17,186,0,22
João Peixoto,zeagle1,18,211,0,38
João Peixoto,zeagle1,19,208,0,31
João Peixoto,zeagle1,20,256,0,36
João Peixoto,zeagle1,21,165,0,26
João Peixoto,zeagle1,22,186,0,29
João Peixoto,zeagle1,23,229,0,43
João Peixoto,zeagle1,24,190,0,30
João Peixoto,zeagle1,25,188,-216,34
João Peixoto,zeagle1,26,151,-314,28
João Peixoto,zeagle1,27,43,0,8
Ron Wince,TwoSocks,17,74,0,7
Ron Wince,TwoSocks,18,150,0,23
Ron Wince,TwoSocks,19,139,0,21
Ron Wince,TwoSocks,20,154,0,20
Ron Wince,TwoSocks,21,69,0,13
Ron Wince,TwoSocks,22,95,0,14
Ron Wince,TwoSocks,23,42,0,6
Ron Wince,TwoSocks,24,18,0,2
Ron Wince,TwoSocks,25,0,-110,0
Ron Wince,TwoSocks,26,0,-148,0
Jordan Bamford,Bamford13,17,165,0,20
Jordan Bamford,Bamford13,18,127,0,29
Jordan Bamford,Bamford13,19,172,0,29
Jordan Bamford,Bamford13,20,161,0,24
Jordan Bamford,Bamford13,21,96,0,17
Jordan Bamford,Bamford13,22,116,0,21
Jordan Bamford,Bamford13,23,36,0,5
Jordan Bamford,Bamford13,24,93,0,14
Jordan Bamford,Bamford13,25,52,-137,7
Jordan Bamford,Bamford13,26,12,-187,2
Bartholomew Twinkletoes,lock180,17,213,0,27
Bartholomew Twinkletoes,lock180,18,180,0,35
Bartholomew Twinkletoes,lock180,19,139,0,18
Bartholomew Twinkletoes,lock180,20,168,0,21
Bartholomew Twinkletoes,lock180,21,78,0,11
Bartholomew Twinkletoes,lock180,22,54,0,7
Bartholomew Twinkletoes,lock180,25,0,-119,0
Bartholomew Twinkletoes,lock180,26,0,-160,0
Leandro Dybala,Honoredmexican,17,46,0,2
Leandro Dybala,Honoredmexican,18,122,0,15
Leandro Dybala,Honoredmexican,19,139,0,21
Leandro Dybala,Honoredmexican,20,179,0,25
Leandro Dybala,Honoredmexican,21,179,0,29
Leandro Dybala,Honoredmexican,22,118,0,21
Leandro Dybala,Honoredmexican,23,203,0,37
Leandro Dybala,Honoredmexican,24,112,0,19
Leandro Dybala,Honoredmexican,25,163,-160,27
Leandro Dybala,Honoredmexican,26,153,-240,26
Leandro Dybala,Honoredmexican,27,36,0,6
Benecio Aguilera III,CROney3,17,215,0,27
Benecio Aguilera III,CROney3,18,256,0,40
Benecio Aguilera III,CROney3,19,157,0,29
Benecio Aguilera III,CROney3,20,259,0,36
Benecio Aguilera III,CROney3,21,196,0,32
Benecio Aguilera III,CROney3,22,203,0,36
Benecio Aguilera III,CROney3,23,244,0,46
Benecio Aguilera III,CROney3,24,170,0,32
Benecio Aguilera III,CROney3,25,224,-225,39
Benecio Aguilera III,CROney3,26,182,-332,33
Benecio Aguilera III,CROney3,27,61,0,9
Daryl McManus,cake307,17,205,0,27
Daryl McManus,cake307,18,224,0,38
Daryl McManus,cake307,19,164,0,30
Daryl McManus,cake307,20,230,0,34
Daryl McManus,cake307,21,176,0,30
Daryl McManus,cake307,22,171,0,34
Daryl McManus,cake307,23,180,0,37
Daryl McManus,cake307,24,187,0,32
Daryl McManus,cake307,25,192,-207,34
Daryl McManus,cake307,26,196,-307,35
Daryl McManus,cake307,27,49,0,9
Rodiano Santori,njbadapple,17,144,0,22
Rodiano Santori,njbadapple,18,220,0,36
Rodiano Santori,njbadapple,19,171,0,29
Rodiano Santori,njbadapple,20,196,0,29
Rodiano Santori,njbadapple,21,1,0,1
Rodiano Santori,njbadapple,25,0,-109,0
Rodiano Santori,njbadapple,26,0,-146,0
Rigby Emerson,Thelastheraclid,17,203,0,25
Rigby Emerson,Thelastheraclid,18,146,0,31
Rigby Emerson,Thelastheraclid,19,174,0,29
Rigby Emerson,Thelastheraclid,20,208,0,32
Rigby Emerson,Thelastheraclid,21,142,0,27
Rigby Emerson,Thelastheraclid,22,99,0,13
Rigby Emerson,Thelastheraclid,23,99,0,14
Rigby Emerson,Thelastheraclid,24,81,0,11
Rigby Emerson,Thelastheraclid,25,49,-156,6
Rigby Emerson,Thelastheraclid,26,18,-212,3
Florian Gaisberg,Zerg,17,204,0,26
Florian Gaisberg,Zerg,18,163,0,34
Florian Gaisberg,Zerg,19,159,0,24
Florian Gaisberg,Zerg,20,182,0,27
Florian Gaisberg,Zerg,21,31,0,4
Florian Gaisberg,Zerg,22,30,0,3
Florian Gaisberg,Zerg,23,185,0,32
Florian Gaisberg,Zerg,24,199,0,33
Florian Gaisberg,Zerg,25,121,-162,21
Florian Gaisberg,Zerg,26,126,-239,21
Florian Gaisberg,Zerg,27,18,0,3
Alex Calderon,Amidships,17,214,0,27
Alex Calderon,Amidships,18,223,0,38
Alex Calderon,Amidships,19,152,0,29
Alex Calderon,Amidships,20,266,0,35
Alex Calderon,Amidships,21,181,0,31
Alex Calderon,Amidships,22,203,0,34
Alex Calderon,Amidships,23,187,0,35
Alex Calderon,Amidships,24,138,0,23
Alex Calderon,Amidships,25,133,-203,20
Alex Calderon,Amidships,26,70,-283,10
Alex Calderon,Amidships,27,15,0,3
Sam Volta,Tripl3tsGamer,17,192,0,21
Sam Volta,Tripl3tsGamer,18,117,0,26
Sam Volta,Tripl3tsGamer,19,161,0,24
Sam Volta,Tripl3tsGamer,20,118,0,16
Sam Volta,Tripl3tsGamer,21,72,0,12
Sam Volta,Tripl3tsGamer,22,131,0,19
Sam Volta,Tripl3tsGamer,23,42,0,7
Sam Volta,Tripl3tsGamer,25,0,-119,0
Sam Volta,Tripl3tsGamer,26,0,-160,0
Ben Nelson,Ben,17,214,0,27
Ben Nelson,Ben,18,153,0,28
Ben Nelson,Ben,19,81,0,18
Ben Nelson,Ben,20,166,0,21
Ben Nelson,Ben,21,99,0,17
Ben Nelson,Ben,22,143,0,28
Ben Nelson,Ben,23,168,0,29
Ben Nelson,Ben,24,103,0,19
Ben Nelson,Ben,25,123,-160,22
Ben Nelson,Ben,26,108,-232,19
Ben Nelson,Ben,27,40,0,6
Zoe Clarke,SleepyPlayz,17,188,0,24
Zoe Clarke,SleepyPlayz,18,221,0,36
Zoe Clarke,SleepyPlayz,19,59,0,11
Zoe Clarke,SleepyPlayz,20,156,0,22
Zoe Clarke,SleepyPlayz,21,80,0,14
Zoe Clarke,SleepyPlayz,22,90,0,13
Zoe Clarke,SleepyPlayz,23,138,0,22
Zoe Clarke,SleepyPlayz,24,61,0,6
Zoe Clarke,SleepyPlayz,25,0,-135,0
Zoe Clarke,SleepyPlayz,26,18,-184,3
Zoe Clarke,SleepyPlayz,27,42,0,7
Irepsej Imeinaktok,Seany148,17,104,0,6
Irepsej Imeinaktok,Seany148,18,40,0,7
Irepsej Imeinaktok,Seany148,19,87,0,9
Irepsej Imeinaktok,Seany148,20,28,0,5
Irepsej Imeinaktok,Seany148,21,24,0,2
Irepsej Imeinaktok,Seany148,22,18,0,3
Irepsej Imeinaktok,Seany148,23,24,0,3
Irepsej Imeinaktok,Seany148,24,48,0,5
Irepsej Imeinaktok,Seany148,25,28,-73,3
Irepsej Imeinaktok,Seany148,26,0,-102,0
Bengt Rubin,kenvald,17,209,0,26
Bengt Rubin,kenvald,18,224,0,38
Bengt Rubin,kenvald,19,138,0,28
Bengt Rubin,kenvald,20,258,0,35
Bengt Rubin,kenvald,21,161,0,28
Bengt Rubin,kenvald,22,98,0,21
Bengt Rubin,kenvald,23,135,0,24
Bengt Rubin,kenvald,24,113,0,21
Bengt Rubin,kenvald,25,110,-178,21
Bengt Rubin,kenvald,26,116,-258,22
Bengt Rubin,kenvald,27,12,0,2
Chef Gagne,Chef Gagne,17,200,0,26
Chef Gagne,Chef Gagne,18,237,0,39
Chef Gagne,Chef Gagne,19,173,0,31
Chef Gagne,Chef Gagne,20,221,0,32
Chef Gagne,Chef Gagne,21,31,0,4
Chef Gagne,Chef Gagne,23,36,0,3
Chef Gagne,Chef Gagne,25,0,-125,0
Chef Gagne,Chef Gagne,26,0,-169,0
Bernardo Fry,CuriousShadow,17,94,0,10
Bernardo Fry,CuriousShadow,18,237,0,31
Bernardo Fry,CuriousShadow,19,131,0,27
Bernardo Fry,CuriousShadow,20,195,0,31
Bernardo Fry,CuriousShadow,21,159,0,23
Bernardo Fry,CuriousShadow,22,145,0,28
Bernardo Fry,CuriousShadow,23,166,0,32
Bernardo Fry,CuriousShadow,24,167,0,29
Bernardo Fry,CuriousShadow,25,241,-188,38
Bernardo Fry,CuriousShadow,26,103,-270,16
Bernardo Fry,CuriousShadow,27,54,0,7
Gary McGary,Tornado_Messiah,17,116,0,7
Gary McGary,Tornado_Messiah,18,30,0,5
Gary McGary,Tornado_Messiah,19,70,0,4
Gary McGary,Tornado_Messiah,20,98,0,9
Gary McGary,Tornado_Messiah,21,60,0,6
Gary McGary,Tornado_Messiah,22,12,0,2
Gary McGary,Tornado_Messiah,23,48,0,5
Gary McGary,Tornado_Messiah,25,0,-79,0
Gary McGary,Tornado_Messiah,26,0,-106,0
Greedy McFootcakes,jreed12,17,94,0,10
Greedy McFootcakes,jreed12,18,122,0,19
Greedy McFootcakes,jreed12,19,112,0,15
Greedy McFootcakes,jreed12,20,161,0,21
Greedy McFootcakes,jreed12,21,149,0,21
Greedy McFootcakes,jreed12,22,111,0,16
Greedy McFootcakes,jreed12,23,128,0,29
Greedy McFootcakes,jreed12,24,126,0,22
Greedy McFootcakes,jreed12,25,114,-145,22
Greedy McFootcakes,jreed12,26,112,-213,17
Greedy McFootcakes,jreed12,27,33,0,5
Maggie Sinclair,Kyamprac,17,190,0,22
Maggie Sinclair,Kyamprac,18,179,0,36
Maggie Sinclair,Kyamprac,19,180,0,28
Maggie Sinclair,Kyamprac,20,182,0,26
Maggie Sinclair,Kyamprac,21,120,0,18
Maggie Sinclair,Kyamprac,22,102,0,14
Maggie Sinclair,Kyamprac,25,0,-131,0
Maggie Sinclair,Kyamprac,26,0,-176,0
Aidan Hutchinson Jr.,Hepha,17,168,0,15
Aidan Hutchinson Jr.,Hepha,18,64,0,14
Aidan Hutchinson Jr.,Hepha,19,167,0,25
Aidan Hutchinson Jr.,Hepha,20,145,0,20
Aidan Hutchinson Jr.,Hepha,21,42,0,3
Aidan Hutchinson Jr.,Hepha,22,77,0,11
Aidan Hutchinson Jr.,Hepha,25,0,-102,0
Aidan Hutchinson Jr.,Hepha,26,0,-137,0
Billy Bob,Billy Bob,17,165,0,15
Billy Bob,Billy Bob,18,227,0,39
Billy Bob,Billy Bob,19,151,0,28
Billy Bob,Billy Bob,20,238,0,34
Billy Bob,Billy Bob,21,157,0,29
Billy Bob,Billy Bob,22,124,0,25
Billy Bob,Billy Bob,25,0,-142,0
Billy Bob,Billy Bob,26,0,-191,0
Dizzy Martin,Lawlore,17,162,0,13
Dizzy Martin,Lawlore,18,90,0,19
Dizzy Martin,Lawlore,19,64,0,5
Dizzy Martin,Lawlore,20,46,0,2
Dizzy Martin,Lawlore,25,0,-72,0
Dizzy Martin,Lawlore,26,0,-96,0
Alex Stain,daveyboy,17,144,0,10
Alex Stain,daveyboy,18,123,0,16
Alex Stain,daveyboy,19,94,0,15
Alex Stain,daveyboy,20,146,0,18
Alex Stain,daveyboy,21,66,0,17
Alex Stain,daveyboy,22,116,0,23
Alex Stain,daveyboy,23,70,0,13
Alex Stain,daveyboy,24,37,0,5
Alex Stain,daveyboy,25,0,-115,0
Alex Stain,daveyboy,26,0,-155,0
Joga Bonito,omniscius,17,156,0,12
Joga Bonito,omniscius,18,193,0,34
Joga Bonito,omniscius,19,131,0,27
Joga Bonito,omniscius,20,252,0,35
Joga Bonito,omniscius,21,193,0,32
Joga Bonito,omniscius,22,154,0,31
Joga Bonito,omniscius,23,213,0,39
Joga Bonito,omniscius,24,137,0,21
Joga Bonito,omniscius,25,192,-194,33
Joga Bonito,omniscius,26,137,-285,24
Kuba Kunicki,Chillybro,17,140,0,8
Kuba Kunicki,Chillybro,18,157,0,26
Kuba Kunicki,Chillybro,19,74,0,16
Kuba Kunicki,Chillybro,20,156,0,20
Kuba Kunicki,Chillybro,21,61,0,9
Kuba Kunicki,Chillybro,22,97,0,15
Kuba Kunicki,Chillybro,23,60,0,9
Kuba Kunicki,Chillybro,24,42,0,6
Kuba Kunicki,Chillybro,25,42,-118,6
Kuba Kunicki,Chillybro,26,42,-165,5
Apollo Zervas,Ausyy,17,145,0,9
Apollo Zervas,Ausyy,18,117,0,24
Apollo Zervas,Ausyy,19,125,0,18
Apollo Zervas,Ausyy,20,28,0,5
Apollo Zervas,Ausyy,25,0,-77,0
Apollo Zervas,Ausyy,26,0,-104,0
Shingo Takechi,Darthus,17,141,0,7
Shingo Takechi,Darthus,18,83,0,18
Shingo Takechi,Darthus,19,131,0,16
Shingo Takechi,Darthus,20,229,0,31
Shingo Takechi,Darthus,21,180,0,31
Shingo Takechi,Darthus,22,184,0,33
Shingo Takechi,Darthus,23,217,0,41
Shingo Takechi,Darthus,24,187,0,32
Shingo Takechi,Darthus,25,272,-195,43
Shingo Takechi,Darthus,26,170,-291,30
Shingo Takechi,Darthus,27,74,0,11
Nikolai Ahmed,piza,17,148,0,8
Nikolai Ahmed,piza,18,124,0,17
Nikolai Ahmed,piza,19,112,0,21
Nikolai Ahmed,piza,20,202,0,29
Nikolai Ahmed,piza,21,157,0,30
Nikolai Ahmed,piza,22,120,0,20
Nikolai Ahmed,piza,23,208,0,36
Nikolai Ahmed,piza,24,195,0,32
Nikolai Ahmed,piza,25,117,-174,21
Nikolai Ahmed,piza,26,156,-251,22
Nikolai Ahmed,piza,27,42,0,7
Cameron Millwall,stevo,17,46,0,2
Cameron Millwall,stevo,18,161,0,21
Cameron Millwall,stevo,19,154,0,32
Cameron Millwall,stevo,20,236,0,34
Cameron Millwall,stevo,21,110,0,19
Cameron Millwall,stevo,22,77,0,15
Cameron Millwall,stevo,23,36,0,4
Cameron Millwall,stevo,26,0,-117,0
Aart de Trella,trella,17,46,0,2
Aart de Trella,trella,18,188,0,33
Aart de Trella,trella,19,183,0,35
Aart de Trella,trella,20,258,0,36
Aart de Trella,trella,21,180,0,35
Aart de Trella,trella,22,199,0,34
Aart de Trella,trella,23,82,0,18
Aart de Trella,trella,26,0,-149,0
Carolien Miedema,LtForestPuppy,17,46,0,2
Carolien Miedema,LtForestPuppy,18,112,0,13
Carolien Miedema,LtForestPuppy,19,155,0,32
Carolien Miedema,LtForestPuppy,20,197,0,28
Carolien Miedema,LtForestPuppy,21,123,0,23
Carolien Miedema,LtForestPuppy,22,179,0,34
Carolien Miedema,LtForestPuppy,23,247,0,45
Carolien Miedema,LtForestPuppy,24,178,0,32
Carolien Miedema,LtForestPuppy,25,176,0,33
Carolien Miedema,LtForestPuppy,26,207,-193,34
Carolien Miedema,LtForestPuppy,27,51,0,10
Howie Dewitt,Icebear32,18,170,0,25
Howie Dewitt,Icebear32,19,139,0,24
Howie Dewitt,Icebear32,20,168,0,22
Howie Dewitt,Icebear32,21,25,0,6
Howie Dewitt,Icebear32,22,89,0,14
Howie Dewitt,Icebear32,23,155,0,26
Howie Dewitt,Icebear32,24,33,0,5
Howie Dewitt,Icebear32,26,0,-113,0
David Luiz Jr.,G2019,18,141,0,19
David Luiz Jr.,G2019,19,84,0,11
David Luiz Jr.,G2019,20,117,0,16
David Luiz Jr.,G2019,21,30,0,3
David Luiz Jr.,G2019,22,36,0,4
David Luiz Jr.,G2019,23,248,0,38
David Luiz Jr.,G2019,24,146,0,28
David Luiz Jr.,G2019,25,151,0,26
David Luiz Jr.,G2019,26,108,-140,17
Coin Flip,midknight,18,224,0,27
Coin Flip,midknight,19,171,0,32
Coin Flip,midknight,20,199,0,28
Coin Flip,midknight,21,130,0,21
Coin Flip,midknight,22,93,0,13
Coin Flip,midknight,23,66,0,9
Coin Flip,midknight,25,48,0,5
Coin Flip,midknight,26,33,-131,5
Tre Qartista,ulaire,18,215,0,30
Tre Qartista,ulaire,19,154,0,32
Tre Qartista,ulaire,20,168,0,25
Tre Qartista,ulaire,21,228,0,35
Tre Qartista,ulaire,22,181,0,33
Tre Qartista,ulaire,23,142,0,30
Tre Qartista,ulaire,24,109,0,18
Tre Qartista,ulaire,25,121,0,20
Tre Qartista,ulaire,26,108,-178,18
Tre Qartista,ulaire,27,42,0,7
Kim Heung-Min,r1c3bowl22,18,159,0,15
Kim Heung-Min,r1c3bowl22,19,92,0,22
Kim Heung-Min,r1c3bowl22,20,146,0,21
Kim Heung-Min,r1c3bowl22,21,61,0,12
Kim Heung-Min,r1c3bowl22,22,72,0,9
Kim Heung-Min,r1c3bowl22,23,48,0,8
Kim Heung-Min,r1c3bowl22,24,58,0,9
Kim Heung-Min,r1c3bowl22,25,93,0,18
Kim Heung-Min,r1c3bowl22,26,107,-118,17
Kim Heung-Min,r1c3bowl22,27,74,0,11
Slab Head,ACynicalGamer,18,218,0,24
Slab Head,ACynicalGamer,19,187,0,35
Slab Head,ACynicalGamer,20,259,0,36
Slab Head,ACynicalGamer,21,176,0,32
Slab Head,ACynicalGamer,22,187,0,33
Slab Head,ACynicalGamer,23,234,0,43
Slab Head,ACynicalGamer,24,196,0,34
Slab Head,ACynicalGamer,25,173,0,32
Slab Head,ACynicalGamer,26,175,-215,29
Slab Head,ACynicalGamer,27,66,0,9
Zach Mulder,MightyMulder,18,195,0,19
Zach Mulder,MightyMulder,19,151,0,31
Zach Mulder,MightyMulder,20,214,0,31
Zach Mulder,MightyMulder,21,147,0,23
Zach Mulder,MightyMulder,22,145,0,26
Zach Mulder,MightyMulder,23,170,0,33
Zach Mulder,MightyMulder,24,134,0,23
Zach Mulder,MightyMulder,25,117,0,21
Zach Mulder,MightyMulder,26,98,-172,16
Zach Mulder,MightyMulder,27,30,0,5
Mikko Rashford III,Whitecap,18,138,0,14
Mikko Rashford III,Whitecap,19,133,0,22
Mikko Rashford III,Whitecap,20,154,0,23
Mikko Rashford III,Whitecap,21,129,0,21
Mikko Rashford III,Whitecap,22,144,0,26
Mikko Rashford III,Whitecap,23,155,0,28
Mikko Rashford III,Whitecap,24,147,0,26
Mikko Rashford III,Whitecap,25,153,0,23
Mikko Rashford III,Whitecap,26,115,-160,18
Mikko Rashford III,Whitecap,27,57,0,8
Valentin Morgenstern,Pythonic,18,191,0,17
Valentin Morgenstern,Pythonic,19,135,0,25
Valentin Morgenstern,Pythonic,20,116,0,14
Valentin Morgenstern,Pythonic,26,0,-80,0
Kika Bahl,overdoo,18,184,0,16
Kika Bahl,overdoo,19,130,0,28
Kika Bahl,overdoo,20,143,0,20
Kika Bahl,overdoo,21,92,0,12
Kika Bahl,overdoo,22,146,0,28
Kika Bahl,overdoo,23,156,0,32
Kika Bahl,overdoo,24,140,0,25
Kika Bahl,overdoo,25,129,0,21
Kika Bahl,overdoo,26,113,-158,19
King Szarekh,JoeSteel,18,162,0,11
King Szarekh,JoeSteel,19,75,0,16
King Szarekh,JoeSteel,20,124,0,16
King Szarekh,JoeSteel,21,36,0,4
King Szarekh,JoeSteel,24,113,0,14
King Szarekh,JoeSteel,25,6,0,1
King Szarekh,JoeSteel,26,0,-87,0
Dalton Canders II,DalC21,18,114,0,10
Dalton Canders II,DalC21,19,78,0,11
Dalton Canders II,DalC21,20,98,0,11
Dalton Canders II,DalC21,21,78,0,10
Dalton Canders II,DalC21,22,44,0,8
Dalton Canders II,DalC21,23,24,0,2
Dalton Canders II,DalC21,26,0,-79,0
Diglett Primarus,Ka3akArkov,18,104,0,6
Diglett Primarus,Ka3akArkov,19,82,0,8
Diglett Primarus,Ka3akArkov,20,104,0,12
Diglett Primarus,Ka3akArkov,21,78,0,9
Diglett Primarus,Ka3akArkov,22,60,0,8
Diglett Primarus,Ka3akArkov,23,42,0,3
Diglett Primarus,Ka3akArkov,26,0,-82,0
Rokuv Gibraltar,pboomg,18,46,0,2
Rokuv Gibraltar,pboomg,19,101,0,19
Rokuv Gibraltar,pboomg,20,199,0,29
Rokuv Gibraltar,pboomg,21,113,0,20
Rokuv Gibraltar,pboomg,22,43,0,6
Rokuv Gibraltar,pboomg,24,18,0,2
Rokuv Gibraltar,pboomg,25,63,0,10
Tony Delvecchio,Tmoney6996,18,50,0,3
Tony Delvecchio,Tmoney6996,19,114,0,26
Tony Delvecchio,Tmoney6996,20,281,0,42
Tony Delvecchio,Tmoney6996,21,204,0,35
Tony Delvecchio,Tmoney6996,22,185,0,35
Tony Delvecchio,Tmoney6996,23,231,0,44
Tony Delvecchio,Tmoney6996,24,189,0,32
Tony Delvecchio,Tmoney6996,25,202,0,35
Tony Delvecchio,Tmoney6996,26,201,0,33
Tony Delvecchio,Tmoney6996,27,70,0,11
Trick Johnson,homercrates,19,163,0,24
Trick Johnson,homercrates,20,263,0,40
Trick Johnson,homercrates,21,240,0,37
Trick Johnson,homercrates,22,199,0,35
Trick Johnson,homercrates,23,240,0,45
Trick Johnson,homercrates,24,202,0,33
Trick Johnson,homercrates,25,211,0,34
Trick Johnson,homercrates,26,213,0,34
Trick Johnson,homercrates,27,63,0,11
Alexis Ramos,Psanchez55,18,46,0,2
Alexis Ramos,Psanchez55,19,99,0,18
Alexis Ramos,Psanchez55,20,201,0,35
Alexis Ramos,Psanchez55,21,76,0,12
Alexis Ramos,Psanchez55,23,63,0,7
Alexis Ramos,Psanchez55,24,152,0,22
Alexis Ramos,Psanchez55,25,94,0,13
Alexis Ramos,Psanchez55,26,60,0,7
Alexis Ramos,Psanchez55,27,48,0,6
Askito Satoshi,Zamrael,18,50,0,3
Askito Satoshi,Zamrael,19,24,0,4
Askito Satoshi,Zamrael,20,150,0,25
Askito Satoshi,Zamrael,21,91,0,13
Askito Satoshi,Zamrael,22,103,0,13
Askito Satoshi,Zamrael,23,71,0,11
Askito Satoshi,Zamrael,24,60,0,7
Askito Satoshi,Zamrael,25,36,0,4
Askito Satoshi,Zamrael,26,34,0,4
Tyranno Criminal,Triceracop,18,46,0,2
Tyranno Criminal,Triceracop,19,94,0,16
Tyranno Criminal,Triceracop,20,237,0,36
Tyranno Criminal,Triceracop,21,87,0,14
Tyranno Criminal,Triceracop,22,113,0,14
Tyranno Criminal,Triceracop,23,72,0,10
Tyranno Criminal,Triceracop,24,60,0,8
Tyranno Criminal,Triceracop,25,72,0,10
Tyranno Criminal,Triceracop,26,85,0,12
Tyranno Criminal,Triceracop,27,30,0,4
Tank Denstro,TDenstroyer,19,121,0,16
Tank Denstro,TDenstroyer,20,127,0,21
Tank Denstro,TDenstroyer,21,69,0,11
Tank Denstro,TDenstroyer,22,58,0,12
Tank Denstro,TDenstroyer,23,38,0,5
Pablo Kawasaki,Voodooman,18,46,0,2
Pablo Kawasaki,Voodooman,19,114,0,22
Pablo Kawasaki,Voodooman,20,276,0,41
Pablo Kawasaki,Voodooman,21,209,0,37
Pablo Kawasaki,Voodooman,22,198,0,36
Pablo Kawasaki,Voodooman,23,246,0,45
Pablo Kawasaki,Voodooman,24,201,0,33
Pablo Kawasaki,Voodooman,25,205,0,37
Pablo Kawasaki,Voodooman,26,198,0,34
Pablo Kawasaki,Voodooman,27,67,0,12
Niklas Jørgensen,Ja_rhh,18,46,0,2
Niklas Jørgensen,Ja_rhh,19,12,0,2
Niklas Jørgensen,Ja_rhh,20,4,0,2
Andres De Giron,aegis,18,46,0,2
Andres De Giron,aegis,19,106,0,21
Andres De Giron,aegis,20,276,0,40
Andres De Giron,aegis,21,176,0,30
Andres De Giron,aegis,22,190,0,33
Andres De Giron,aegis,23,201,0,37
Andres De Giron,aegis,24,104,0,19
Andres De Giron,aegis,25,66,0,8
Dunkler Sowerwine,Oknom,18,46,0,2
Dunkler Sowerwine,Oknom,19,120,0,23
Dunkler Sowerwine,Oknom,20,235,0,37
Dunkler Sowerwine,Oknom,21,200,0,30
Dunkler Sowerwine,Oknom,22,187,0,33
Dunkler Sowerwine,Oknom,23,187,0,37
Dunkler Sowerwine,Oknom,24,165,0,26
Dunkler Sowerwine,Oknom,25,145,0,25
Dunkler Sowerwine,Oknom,26,169,0,25
Dunkler Sowerwine,Oknom,27,24,0,3
Giacomo Santori,Giacomino_raiola,18,46,0,2
Giacomo Santori,Giacomino_raiola,19,67,0,15
Giacomo Santori,Giacomino_raiola,20,229,0,35
Giacomo Santori,Giacomino_raiola,21,138,0,24
Giacomo Santori,Giacomino_raiola,22,175,0,34
Giacomo Santori,Giacomino_raiola,23,217,0,43
Giacomo Santori,Giacomino_raiola,24,187,0,33
Giacomo Santori,Giacomino_raiola,25,200,0,35
Giacomo Santori,Giacomino_raiola,26,207,0,34
Giacomo Santori,Giacomino_raiola,27,68,0,12
Dáibhí Barr,JeffreyDaniels,18,46,0,2
Dáibhí Barr,JeffreyDaniels,19,131,0,24
Dáibhí Barr,JeffreyDaniels,20,276,0,41
Dáibhí Barr,JeffreyDaniels,21,146,0,30
Dáibhí Barr,JeffreyDaniels,22,78,0,9
Dáibhí Barr,JeffreyDaniels,23,30,0,3
Stefan Davidović,dsr1338,18,46,0,2
Stefan Davidović,dsr1338,19,121,0,23
Stefan Davidović,dsr1338,20,164,0,25
Bread Lasso,caltroit_red_flames,18,46,0,2
Bread Lasso,caltroit_red_flames,19,95,0,19
Bread Lasso,caltroit_red_flames,20,182,0,31
Bread Lasso,caltroit_red_flames,21,134,0,21
Bread Lasso,caltroit_red_flames,22,72,0,11
Bread Lasso,caltroit_red_flames,23,90,0,15
Axel Blaze,LightlySalty,19,52,0,3
Axel Blaze,LightlySalty,20,4,0,2
Jakob Fensterhausen,Cycro,18,50,0,3
Jakob Fensterhausen,Cycro,19,122,0,23
Jakob Fensterhausen,Cycro,20,252,0,39
Jakob Fensterhausen,Cycro,21,140,0,26
Jakob Fensterhausen,Cycro,22,148,0,26
Jakob Fensterhausen,Cycro,23,173,0,23
Jakob Fensterhausen,Cycro,24,142,0,23
Jakob Fensterhausen,Cycro,25,85,0,18
Jakob Fensterhausen,Cycro,26,60,0,7
Jakob Fensterhausen,Cycro,27,55,0,7
Gustavo Brazil,redi1717,18,46,0,2
Gustavo Brazil,redi1717,19,37,0,6
Gustavo Brazil,redi1717,20,6,0,3
Timo Geurts,ERT_Timo,18,46,0,2
Diego Budo,LightG,18,46,0,2
Diego Budo,LightG,19,54,0,9
Diego Budo,LightG,20,128,0,19
Ryan Van Eyndhoven,Malino8444,18,46,0,2
Ryan Van Eyndhoven,Malino8444,19,104,0,21
Ryan Van Eyndhoven,Malino8444,20,260,0,40
Ryan Van Eyndhoven,Malino8444,21,188,0,33
Ryan Van Eyndhoven,Malino8444,22,210,0,35
Ryan Van Eyndhoven,Malino8444,23,226,0,42
Ryan Van Eyndhoven,Malino8444,24,181,0,32
Ryan Van Eyndhoven,Malino8444,25,225,0,37
Ryan Van Eyndhoven,Malino8444,26,193,0,33
Ryan Van Eyndhoven,Malino8444,27,92,0,14
Sam Albinson,scoous,18,56,0,4
Sam Albinson,scoous,19,109,0,24
Sam Albinson,scoous,20,205,0,33
Sam Albinson,scoous,21,222,0,35
Sam Albinson,scoous,22,183,0,33
Sam Albinson,scoous,23,46,0,10
Sam Albinson,scoous,24,96,0,14
Sam Albinson,scoous,25,113,0,17
Sam Albinson,scoous,26,113,0,19
Sam Albinson,scoous,27,18,0,2
Dez Barker,Dezpa1r,18,46,0,2
Dez Barker,Dezpa1r,19,28,0,6
Dez Barker,Dezpa1r,20,54,0,6
Milan Krznarić,ST33Z47,19,6,0,1
Pam Prince,pampam,18,46,0,2
Pam Prince,pampam,19,16,0,2
Pam Prince,pampam,20,8,0,4
Janko Delibasic,Yank00,19,50,0,3
Matias Xavier,gaucho12,19,104,0,15
Matias Xavier,gaucho12,20,252,0,38
Matias Xavier,gaucho12,21,218,0,35
Matias Xavier,gaucho12,22,204,0,36
Matias Xavier,gaucho12,23,223,0,42
Matias Xavier,gaucho12,24,219,0,34
Matias Xavier,gaucho12,25,159,0,32
Matias Xavier,gaucho12,26,194,0,33
Matias Xavier,gaucho12,27,66,0,8
Jonny Elliott,everyonesawinnerbaby,18,6,0,1
Jonny Elliott,everyonesawinnerbaby,19,155,0,23
Jonny Elliott,everyonesawinnerbaby,20,268,0,41
Jonny Elliott,everyonesawinnerbaby,21,154,0,30
Jonny Elliott,everyonesawinnerbaby,22,197,0,36
Jonny Elliott,everyonesawinnerbaby,23,200,0,36
Jonny Elliott,everyonesawinnerbaby,24,110,0,17
Jonny Elliott,everyonesawinnerbaby,25,119,0,20
Jonny Elliott,everyonesawinnerbaby,26,24,0,4
Beckett Sinclair,Geoff,18,46,0,2
Beckett Sinclair,Geoff,19,58,0,13
Beckett Sinclair,Geoff,20,116,0,20
Jimmy Jimsted,jamesjamesjames,18,46,0,2
Andre Caetano,DivogoJota,18,46,0,2
Andre Caetano,DivogoJota,19,110,0,22
Andre Caetano,DivogoJota,20,285,0,41
Andre Caetano,DivogoJota,21,177,0,31
Andre Caetano,DivogoJota,22,196,0,36
Andre Caetano,DivogoJota,23,266,0,45
Andre Caetano,DivogoJota,24,155,0,29
Andre Caetano,DivogoJota,25,204,0,35
Andre Caetano,DivogoJota,26,196,0,33
Andre Caetano,DivogoJota,27,132,0,17
Denis Mobek,denismov,18,50,0,3
Denis Mobek,denismov,19,108,0,22
Denis Mobek,denismov,20,254,0,40
Denis Mobek,denismov,21,119,0,19
Denis Mobek,denismov,22,84,0,12
Denis Mobek,denismov,23,76,0,11
Denis Mobek,denismov,24,54,0,7
Denis Mobek,denismov,25,66,0,8
Denis Mobek,denismov,26,18,0,2
Denis Mobek,denismov,27,48,0,5
Tonto Tut,TontoTut,19,185,0,26
Tonto Tut,TontoTut,20,255,0,42
Tonto Tut,TontoTut,21,189,0,33
Tonto Tut,TontoTut,22,218,0,36
Tonto Tut,TontoTut,23,211,0,40
Tonto Tut,TontoTut,24,223,0,35
Tonto Tut,TontoTut,25,194,0,34
Tonto Tut,TontoTut,26,199,0,34
Tonto Tut,TontoTut,27,58,0,9
Xavius Kenderlin,Wally,18,46,0,2
Xavius Kenderlin,Wally,19,72,0,15
Xavius Kenderlin,Wally,20,108,0,17
Marcel Voda,Daleks,18,46,0,2
Marcel Voda,Daleks,19,140,0,24
Marcel Voda,Daleks,20,281,0,41
Marcel Voda,Daleks,21,198,0,38
Marcel Voda,Daleks,22,214,0,36
Marcel Voda,Daleks,23,241,0,43
Marcel Voda,Daleks,24,183,0,32
Marcel Voda,Daleks,25,220,0,39
Marcel Voda,Daleks,26,206,0,36
Marcel Voda,Daleks,27,62,0,11
Carlos Narvaez Jr.,Amok,19,83,0,9
Carlos Narvaez Jr.,Amok,20,96,0,12
Slamsonnur Biglehoward,Salmon,19,52,0,3
Slamsonnur Biglehoward,Salmon,20,46,0,2
Don Lorenzo,tstols,19,158,0,22
Don Lorenzo,tstols,20,209,0,32
Don Lorenzo,tstols,21,118,0,20
Don Lorenzo,tstols,22,132,0,16
Don Lorenzo,tstols,23,24,0,4
Don Lorenzo,tstols,24,54,0,5
Don Lorenzo,tstols,25,42,0,6
Don Lorenzo,tstols,26,48,0,5
Don Lorenzo,tstols,27,42,0,4
Stig Stampe,Suckiest Sucker,19,122,0,18
Stig Stampe,Suckiest Sucker,20,172,0,30
Stig Stampe,Suckiest Sucker,21,135,0,22
Stig Stampe,Suckiest Sucker,22,108,0,22
Stig Stampe,Suckiest Sucker,23,136,0,26
Norberts Slakteris,Rudzis666,19,106,0,15
Norberts Slakteris,Rudzis666,20,141,0,25
Norberts Slakteris,Rudzis666,21,98,0,17
Norberts Slakteris,Rudzis666,22,104,0,20
Norberts Slakteris,Rudzis666,23,6,0,1
Marean Dohbra,ahtuu,19,186,0,26
Marean Dohbra,ahtuu,20,230,0,38
Marean Dohbra,ahtuu,21,183,0,28
Marean Dohbra,ahtuu,22,154,0,29
Marean Dohbra,ahtuu,23,210,0,39
Marean Dohbra,ahtuu,24,119,0,19
Marean Dohbra,ahtuu,25,95,0,15
Marean Dohbra,ahtuu,26,24,0,3
Marean Dohbra,ahtuu,27,42,0,4
Draz Tathille,Draz0000,19,168,0,25
Draz Tathille,Draz0000,20,177,0,30
Draz Tathille,Draz0000,21,1,0,1
Predrag Dobrić,TooDear,19,168,0,26
Predrag Dobrić,TooDear,20,276,0,41
Predrag Dobrić,TooDear,21,205,0,35
Predrag Dobrić,TooDear,22,201,0,38
Predrag Dobrić,TooDear,23,243,0,46
Predrag Dobrić,TooDear,24,201,0,33
Predrag Dobrić,TooDear,25,190,0,35
Predrag Dobrić,TooDear,26,216,0,35
Predrag Dobrić,TooDear,27,61,0,11
James Asprey,Ghost,19,129,0,19
James Asprey,Ghost,20,291,0,42
James Asprey,Ghost,21,197,0,35
James Asprey,Ghost,22,227,0,37
James Asprey,Ghost,23,221,0,45
James Asprey,Ghost,24,181,0,32
James Asprey,Ghost,25,210,0,36
James Asprey,Ghost,26,186,0,33
James Asprey,Ghost,27,81,0,12
Seppo Hovi,SeppoHovi,19,46,0,2
Seppo Hovi,SeppoHovi,20,4,0,2
Santiago Mitidiero,santimit,19,142,0,21
Santiago Mitidiero,santimit,20,257,0,37
Santiago Mitidiero,santimit,21,97,0,17
Santiago Mitidiero,santimit,22,201,0,34
Santiago Mitidiero,santimit,23,214,0,41
Santiago Mitidiero,santimit,24,189,0,33
Santiago Mitidiero,santimit,25,205,0,32
Santiago Mitidiero,santimit,26,187,0,29
Santiago Mitidiero,santimit,27,52,0,10
Thomas Bello,SoapySchmalls,19,87,0,11
Thomas Bello,SoapySchmalls,20,6,0,4
Karl Haase,Schmorak,19,76,0,7
Karl Haase,Schmorak,20,36,0,9
Ronflex,UptownCord,19,156,0,23
Ronflex,UptownCord,20,209,0,35
Ronflex,UptownCord,21,140,0,23
Ronflex,UptownCord,22,155,0,26
Ronflex,UptownCord,23,189,0,36
Ronflex,UptownCord,24,177,0,27
Ronflex,UptownCord,25,167,0,28
Ronflex,UptownCord,26,179,0,28
Ronflex,UptownCord,27,57,0,8
Arthur Cain,Thalak,19,88,0,9
Arthur Cain,Thalak,20,130,0,17
Arthur Cain,Thalak,21,84,0,9
Arthur Cain,Thalak,22,47,0,6
Arthur Cain,Thalak,23,98,0,11
Arthur Cain,Thalak,24,23,0,4
Arthur Cain,Thalak,25,56,0,7
Arthur Cain,Thalak,26,36,0,4
Arthur Cain,Thalak,27,17,0,2
Dom Patterson,Dompatterson,19,156,0,25
Dom Patterson,Dompatterson,20,272,0,41
Dom Patterson,Dompatterson,21,189,0,33
Dom Patterson,Dompatterson,22,151,0,27
Dom Patterson,Dompatterson,23,150,0,25
Dom Patterson,Dompatterson,24,101,0,16
Dom Patterson,Dompatterson,25,119,0,14
Dom Patterson,Dompatterson,26,18,0,3
Zlatan Gibrahimovic,davygibson89,19,96,0,11
Zlatan Gibrahimovic,davygibson89,20,140,0,22
Zlatan Gibrahimovic,davygibson89,21,1,0,1
Cesare Pinkman,Prikulis5,19,154,0,24
Cesare Pinkman,Prikulis5,20,226,0,33
Cesare Pinkman,Prikulis5,21,200,0,32
Cesare Pinkman,Prikulis5,22,202,0,35
Cesare Pinkman,Prikulis5,23,231,0,42
Cesare Pinkman,Prikulis5,24,191,0,32
Cesare Pinkman,Prikulis5,25,195,0,35
Cesare Pinkman,Prikulis5,26,193,0,33
Cesare Pinkman,Prikulis5,27,62,0,11
BigMac Johnson,Newkbomb,19,166,0,25
BigMac Johnson,Newkbomb,20,241,0,39
BigMac Johnson,Newkbomb,21,192,0,34
BigMac Johnson,Newkbomb,22,135,0,25
BigMac Johnson,Newkbomb,23,234,0,39
BigMac Johnson,Newkbomb,24,181,0,32
BigMac Johnson,Newkbomb,25,139,0,24
BigMac Johnson,Newkbomb,26,114,0,19
BigMac Johnson,Newkbomb,27,57,0,8
Louis Ashworth,louis,19,181,0,26
Louis Ashworth,louis,20,278,0,41
Louis Ashworth,louis,21,123,0,24
Louis Ashworth,louis,22,94,0,17
Juozas Kupinas,Jubka,19,146,0,22
Juozas Kupinas,Jubka,20,260,0,40
Juozas Kupinas,Jubka,21,190,0,32
Juozas Kupinas,Jubka,22,210,0,36
Juozas Kupinas,Jubka,23,259,0,44
Juozas Kupinas,Jubka,24,183,0,32
Juozas Kupinas,Jubka,25,212,0,36
Juozas Kupinas,Jubka,26,196,0,33
Juozas Kupinas,Jubka,27,52,0,10
Alen Patak,fallcot,19,46,0,2
Bartholomew-James Junior-Junior,Ferwx,19,46,0,4
Bartholomew-James Junior-Junior,Ferwx,20,2,0,1
Roger Roger,By-Tor,19,167,0,29
Roger Roger,By-Tor,20,265,0,40
Roger Roger,By-Tor,21,195,0,33
Roger Roger,By-Tor,22,153,0,31
Roger Roger,By-Tor,23,269,0,46
Roger Roger,By-Tor,24,144,0,29
Roger Roger,By-Tor,25,171,0,29
Roger Roger,By-Tor,26,108,0,19
Roger Roger,By-Tor,27,56,0,8
Haroldo Haroldinho,Harold99,19,82,0,8
Thomas Jimotheus,Hero19,19,150,0,22
Thomas Jimotheus,Hero19,20,269,0,40
Thomas Jimotheus,Hero19,21,171,0,29
Thomas Jimotheus,Hero19,22,148,0,29
Thomas Jimotheus,Hero19,23,210,0,33
Thomas Jimotheus,Hero19,24,150,0,20
Thomas Jimotheus,Hero19,25,102,0,17
Thomas Jimotheus,Hero19,26,84,0,13
Thomas Jimotheus,Hero19,27,78,0,10
Takeda Takahashi,OblivionWalker,19,147,0,21
Takeda Takahashi,OblivionWalker,20,164,0,29
Takeda Takahashi,OblivionWalker,21,106,0,14
Takeda Takahashi,OblivionWalker,22,139,0,25
Takeda Takahashi,OblivionWalker,23,158,0,25
Takeda Takahashi,OblivionWalker,24,188,0,33
Takeda Takahashi,OblivionWalker,25,144,0,25
Takeda Takahashi,OblivionWalker,26,179,0,28
Takeda Takahashi,OblivionWalker,27,60,0,11
Cade Power,Jumbo,19,181,0,25
Cade Power,Jumbo,20,272,0,40
Cade Power,Jumbo,21,184,0,37
Cade Power,Jumbo,22,169,0,38
Cade Power,Jumbo,23,257,0,46
Cade Power,Jumbo,24,205,0,36
Cade Power,Jumbo,25,208,0,37
Cade Power,Jumbo,26,174,0,32
Cade Power,Jumbo,27,97,0,15
Esa Nahka,Heppis,19,6,0,1
Esa Nahka,Heppis,20,28,0,5
Pizzly Bear,pizzly,19,114,0,15
Pizzly Bear,pizzly,20,133,0,21
Pizzly Bear,pizzly,21,1,0,1
Jared Scott,ImJared,19,136,0,19
Jared Scott,ImJared,20,119,0,18
Damian DeSoto,jimi,19,154,0,22
Damian DeSoto,jimi,20,219,0,34
Damian DeSoto,jimi,21,186,0,32
Damian DeSoto,jimi,22,173,0,31
Damian DeSoto,jimi,23,151,0,30
Mylian Kbappé,BloodyNecroZ,19,76,0,7
Mylian Kbappé,BloodyNecroZ,20,6,0,3
Miguel Cosme,Mfcmaster,19,97,0,11
Miguel Cosme,Mfcmaster,20,92,0,12
TERMINUS ULTIMUS,TERMINUSULTIMUS,19,134,0,19
TERMINUS ULTIMUS,TERMINUSULTIMUS,20,149,0,28
Ashito Aoi,Summerstood,19,150,0,21
Ashito Aoi,Summerstood,20,281,0,42
Ashito Aoi,Summerstood,21,217,0,36
Ashito Aoi,Summerstood,22,202,0,36
Ashito Aoi,Summerstood,23,241,0,43
Ashito Aoi,Summerstood,24,201,0,33
Ashito Aoi,Summerstood,25,205,0,37
Ashito Aoi,Summerstood,26,187,0,32
Ashito Aoi,Summerstood,27,52,0,10
Ben Kaufmann,Marmelad,19,102,0,9
Ben Kaufmann,Marmelad,20,132,0,21
Ben Kaufmann,Marmelad,21,1,0,1
Billy Elliott,Phil-fos,19,100,0,6
Billy Elliott,Phil-fos,20,194,0,33
Billy Elliott,Phil-fos,21,112,0,16
Billy Elliott,Phil-fos,22,120,0,18
Billy Elliott,Phil-fos,23,12,0,2
Krish Gainz,LilGainz901,20,134,0,18
Krish Gainz,LilGainz901,21,9,0,5
melon lemmon,melonllemon,20,28,0,5
Brannigan Stoush,Zag,20,190,0,25
Brannigan Stoush,Zag,21,174,0,33
Brannigan Stoush,Zag,22,137,0,29
Brannigan Stoush,Zag,23,162,0,32
Brannigan Stoush,Zag,24,96,0,17
Brannigan Stoush,Zag,25,71,0,11
Brannigan Stoush,Zag,26,52,0,8
Brannigan Stoush,Zag,27,30,0,4
Daniel Herrera,frithjofr,20,162,0,25
Daniel Herrera,frithjofr,21,165,0,31
Daniel Herrera,frithjofr,22,171,0,26
Daniel Herrera,frithjofr,23,191,0,33
Daniel Herrera,frithjofr,24,205,0,34
Daniel Herrera,frithjofr,25,177,0,29
Daniel Herrera,frithjofr,26,128,0,22
Daniel Herrera,frithjofr,27,32,0,5
Roy Rivers,RoyRivers,20,212,0,30
Roy Rivers,RoyRivers,21,196,0,36
Roy Rivers,RoyRivers,22,197,0,35
Roy Rivers,RoyRivers,23,207,0,40
Roy Rivers,RoyRivers,24,203,0,33
Roy Rivers,RoyRivers,25,227,0,41
Roy Rivers,RoyRivers,26,182,0,33
Roy Rivers,RoyRivers,27,70,0,11
Maverick Jones,Thunder39,20,231,0,31
Maverick Jones,Thunder39,21,211,0,39
Maverick Jones,Thunder39,22,230,0,38
Maverick Jones,Thunder39,23,229,0,41
Maverick Jones,Thunder39,24,197,0,30
Maverick Jones,Thunder39,25,194,0,34
Maverick Jones,Thunder39,26,176,0,31
Maverick Jones,Thunder39,27,52,0,10
Carolina Salazar,Renomitsu,20,207,0,29
Carolina Salazar,Renomitsu,21,157,0,34
Carolina Salazar,Renomitsu,22,152,0,27
Carolina Salazar,Renomitsu,23,195,0,37
Carolina Salazar,Renomitsu,24,190,0,30
Carolina Salazar,Renomitsu,25,152,0,31
Carolina Salazar,Renomitsu,26,179,0,29
Carolina Salazar,Renomitsu,27,70,0,10
Brodie James,Nion,20,167,0,23
Brodie James,Nion,21,193,0,40
Brodie James,Nion,22,181,0,36
Brodie James,Nion,23,222,0,44
Brodie James,Nion,24,160,0,28
Brodie James,Nion,25,115,0,20
Brodie James,Nion,26,170,0,27
Brodie James,Nion,27,30,0,5
Snor Lax,GHamss,20,229,0,32
Snor Lax,GHamss,21,224,0,42
Snor Lax,GHamss,22,226,0,37
Snor Lax,GHamss,23,241,0,43
Snor Lax,GHamss,24,189,0,32
Snor Lax,GHamss,25,223,0,37
Snor Lax,GHamss,26,185,0,33
Snor Lax,GHamss,27,51,0,10
Pope Francis,Maxboi,20,173,0,22
Pope Francis,Maxboi,21,152,0,28
Pope Francis,Maxboi,22,135,0,23
Pope Francis,Maxboi,23,77,0,13
Pope Francis,Maxboi,24,47,0,6
Pope Francis,Maxboi,25,60,0,6
Louis Fontaine,cozydior,20,28,0,5
Kelsier Summers,lunaripcole,20,202,0,27
Kelsier Summers,lunaripcole,21,95,0,18
Kelsier Summers,lunaripcole,22,126,0,22
Kelsier Summers,lunaripcole,23,150,0,22
Kelsier Summers,lunaripcole,24,132,0,18
Kelsier Summers,lunaripcole,25,146,0,25
Kelsier Summers,lunaripcole,26,159,0,26
Kelsier Summers,lunaripcole,27,84,0,11
Petter Lind,Canadice,20,215,0,36
Petter Lind,Canadice,21,210,0,36
Petter Lind,Canadice,22,202,0,35
Petter Lind,Canadice,23,231,0,44
Petter Lind,Canadice,24,197,0,32
Petter Lind,Canadice,25,195,0,35
Petter Lind,Canadice,26,175,0,32
Petter Lind,Canadice,27,46,0,9
Leah Slothinson,Reno,20,174,0,25
Leah Slothinson,Reno,21,174,0,30
Leah Slothinson,Reno,22,102,0,14
Leah Slothinson,Reno,23,112,0,16
Leah Slothinson,Reno,24,129,0,19
Leah Slothinson,Reno,25,131,0,22
Leah Slothinson,Reno,26,171,0,27
Leah Slothinson,Reno,27,73,0,11
Adébó De Los Santos,Caydog,20,96,0,10
Christof Schweinsteiger,TubbyTim69,20,98,0,11
Christof Schweinsteiger,TubbyTim69,21,36,0,3
Stephan Lichsteiner,Aneeqs,20,194,0,26
Stephan Lichsteiner,Aneeqs,21,138,0,28
Stephan Lichsteiner,Aneeqs,22,120,0,17
Stephan Lichsteiner,Aneeqs,23,89,0,12
Stephan Lichsteiner,Aneeqs,24,54,0,7
Stephan Lichsteiner,Aneeqs,25,24,0,2
Kori Mizukana,KoriMizu,20,193,0,26
Kori Mizukana,KoriMizu,21,126,0,26
Kori Mizukana,KoriMizu,22,83,0,21
Kori Mizukana,KoriMizu,23,116,0,17
Kori Mizukana,KoriMizu,24,131,0,22
Kori Mizukana,KoriMizu,25,103,0,17
Kori Mizukana,KoriMizu,26,77,0,13
Kori Mizukana,KoriMizu,27,57,0,8
Tommy Moff,Mooty99,20,197,0,30
Tommy Moff,Mooty99,21,168,0,32
Tommy Moff,Mooty99,22,131,0,27
Tommy Moff,Mooty99,23,167,0,29
Tommy Moff,Mooty99,24,96,0,15
Tommy Moff,Mooty99,25,92,0,15
Tommy Moff,Mooty99,26,48,0,7
Tommy Moff,Mooty99,27,33,0,5
Dissa Pointment,Vishy,20,136,0,18
Dissa Pointment,Vishy,21,132,0,25
Dissa Pointment,Vishy,22,65,0,8
Dissa Pointment,Vishy,27,18,0,2
Joe Martin,Tsupernami,20,113,0,14
Joe Martin,Tsupernami,21,100,0,17
Joe Martin,Tsupernami,22,118,0,17
Joe Martin,Tsupernami,23,51,0,6
Mazeed al-Kazmi,Afrhite,20,210,0,30
Mazeed al-Kazmi,Afrhite,21,198,0,40
Mazeed al-Kazmi,Afrhite,22,207,0,40
Mazeed al-Kazmi,Afrhite,23,234,0,43
Mazeed al-Kazmi,Afrhite,24,201,0,34
Mazeed al-Kazmi,Afrhite,25,197,0,34
Mazeed al-Kazmi,Afrhite,26,167,0,27
Mazeed al-Kazmi,Afrhite,27,61,0,10
Leonard Zimmerman,copyc,20,98,0,11
Leonard Zimmerman,copyc,21,6,0,3
Academic Victim,Hetaksh03,20,80,0,8
Academic Victim,Hetaksh03,21,45,0,6
Chicken McTendie,Nol15736,20,188,0,28
Chicken McTendie,Nol15736,21,256,0,42
Chicken McTendie,Nol15736,22,192,0,37
Chicken McTendie,Nol15736,23,245,0,44
Chicken McTendie,Nol15736,24,202,0,33
Chicken McTendie,Nol15736,25,204,0,36
Chicken McTendie,Nol15736,26,205,0,34
Chicken McTendie,Nol15736,27,51,0,10
Anthony Simmons,Starchychaff,20,146,0,21
Anthony Simmons,Starchychaff,21,91,0,13
Anthony Simmons,Starchychaff,22,24,0,4
Anthony Simmons,Starchychaff,23,102,0,13
Anthony Simmons,Starchychaff,24,56,0,8
Anthony Simmons,Starchychaff,25,24,0,2
Black Leg Sanji,DigDoug11,20,227,0,31
Black Leg Sanji,DigDoug11,21,149,0,31
Black Leg Sanji,DigDoug11,22,211,0,38
Black Leg Sanji,DigDoug11,23,188,0,39
Black Leg Sanji,DigDoug11,24,174,0,29
Black Leg Sanji,DigDoug11,25,168,0,28
Black Leg Sanji,DigDoug11,26,176,0,29
Black Leg Sanji,DigDoug11,27,62,0,8
Zaza Banana,mastersheep,20,203,0,28
Zaza Banana,mastersheep,21,189,0,35
Zaza Banana,mastersheep,22,192,0,35
Zaza Banana,mastersheep,23,214,0,40
Zaza Banana,mastersheep,24,158,0,28
Zaza Banana,mastersheep,25,208,0,34
Zaza Banana,mastersheep,26,192,0,31
Zaza Banana,mastersheep,27,64,0,10
James Valderrama,RaidTheArcade,20,94,0,11
James Valderrama,RaidTheArcade,21,6,0,3
Callum McPaunaman,pauadrian,20,28,0,5
Zoey Jenkins,Jiggly_333,20,190,0,26
Zoey Jenkins,Jiggly_333,21,147,0,27
Zoey Jenkins,Jiggly_333,22,175,0,32
Zoey Jenkins,Jiggly_333,23,162,0,34
Zoey Jenkins,Jiggly_333,24,179,0,27
Zoey Jenkins,Jiggly_333,25,148,0,25
Zoey Jenkins,Jiggly_333,26,128,0,23
Zoey Jenkins,Jiggly_333,27,55,0,7
Allie Bunson,Beavie,20,227,0,30
Allie Bunson,Beavie,21,215,0,41
Allie Bunson,Beavie,22,202,0,38
Allie Bunson,Beavie,23,243,0,45
Allie Bunson,Beavie,24,206,0,35
Allie Bunson,Beavie,25,189,0,34
Allie Bunson,Beavie,26,201,0,34
Allie Bunson,Beavie,27,71,0,11
Owain Roberts,owi2890,20,123,0,17
Owain Roberts,owi2890,21,76,0,13
Samson Okoro,SG_Vesu,20,166,0,25
Samson Okoro,SG_Vesu,21,220,0,38
Samson Okoro,SG_Vesu,22,191,0,33
Samson Okoro,SG_Vesu,23,177,0,31
Samson Okoro,SG_Vesu,24,209,0,30
Samson Okoro,SG_Vesu,25,161,0,27
Samson Okoro,SG_Vesu,26,175,0,28
Samson Okoro,SG_Vesu,27,24,0,4
Tom Mæddisen,tomtommen,20,202,0,33
Tom Mæddisen,tomtommen,21,189,0,36
Tom Mæddisen,tomtommen,22,176,0,34
Tom Mæddisen,tomtommen,23,241,0,42
Tom Mæddisen,tomtommen,24,202,0,33
Tom Mæddisen,tomtommen,25,185,0,33
Tom Mæddisen,tomtommen,26,211,0,34
Tom Mæddisen,tomtommen,27,69,0,11
Sandro da Silva,gucci,20,229,0,35
Sandro da Silva,gucci,21,207,0,40
Sandro da Silva,gucci,22,222,0,43
Sandro da Silva,gucci,23,233,0,44
Sandro da Silva,gucci,24,195,0,34
Sandro da Silva,gucci,25,199,0,36
Sandro da Silva,gucci,26,166,0,31
Sandro da Silva,gucci,27,86,0,13
David Doug II,TheSparkyDee,20,146,0,21
David Doug II,TheSparkyDee,21,83,0,22
David Doug II,TheSparkyDee,22,139,0,25
David Doug II,TheSparkyDee,23,163,0,29
David Doug II,TheSparkyDee,24,143,0,25
David Doug II,TheSparkyDee,25,78,0,10
David Doug II,TheSparkyDee,26,97,0,14
David Doug II,TheSparkyDee,27,48,0,5
Renzo Milano,PBAG,20,109,0,14
Renzo Milano,PBAG,21,93,0,19
Peruere Snezhevna,AnaNecromancerAscendant,20,128,0,17
Peruere Snezhevna,AnaNecromancerAscendant,21,37,0,8
Eisinda Wayns,jeffie43,20,183,0,23
Eisinda Wayns,jeffie43,21,27,0,8
Stun Gun Jr.,unconfident,20,119,0,15
Stun Gun Jr.,unconfident,21,45,0,6
Matt Stro,Mattstro,20,141,0,19
Matt Stro,Mattstro,21,151,0,27
Matt Stro,Mattstro,22,132,0,20
Matt Stro,Mattstro,23,121,0,19
Matt Stro,Mattstro,24,141,0,24
Matt Stro,Mattstro,25,126,0,20
Matt Stro,Mattstro,26,57,0,9
Skooma Senpai,Bauer,20,92,0,9
Skooma Senpai,Bauer,21,2,0,1
Frosty Steele,jsteele14,20,149,0,16
Frosty Steele,jsteele14,21,25,0,7
Juan Rodriguez,Dhaldar,20,128,0,14
Juan Rodriguez,Dhaldar,21,36,0,5
Diego Machado,VoltageFusion,20,170,0,19
Diego Machado,VoltageFusion,21,156,0,28
Diego Machado,VoltageFusion,22,127,0,20
Diego Machado,VoltageFusion,23,150,0,25
Diego Machado,VoltageFusion,24,151,0,22
Diego Machado,VoltageFusion,25,149,0,21
Diego Machado,VoltageFusion,26,138,0,21
Diego Machado,VoltageFusion,27,42,0,6
Jesper Sjöman,Ashes,20,172,0,19
Jesper Sjöman,Ashes,21,173,0,29
Jesper Sjöman,Ashes,22,135,0,28
Jesper Sjöman,Ashes,23,199,0,38
Jesper Sjöman,Ashes,24,170,0,30
Jesper Sjöman,Ashes,25,131,0,22
Jesper Sjöman,Ashes,26,186,0,30
Jesper Sjöman,Ashes,27,78,0,10
Chris Pappapoulos,Tanmansuperman69,20,110,0,9
Elizabeth Rose Bloodflame,ValorX77,20,179,0,18
Elizabeth Rose Bloodflame,ValorX77,21,183,0,36
Elizabeth Rose Bloodflame,ValorX77,22,208,0,36
Elizabeth Rose Bloodflame,ValorX77,23,243,0,43
Elizabeth Rose Bloodflame,ValorX77,24,160,0,30
Elizabeth Rose Bloodflame,ValorX77,25,208,0,36
Elizabeth Rose Bloodflame,ValorX77,26,202,0,35
Elizabeth Rose Bloodflame,ValorX77,27,93,0,14
Dave Oliver,Lubotty,20,157,0,15
Dave Oliver,Lubotty,21,107,0,24
Dave Oliver,Lubotty,22,146,0,29
Dave Oliver,Lubotty,23,150,0,29
Dave Oliver,Lubotty,24,118,0,22
Dave Oliver,Lubotty,25,112,0,23
Dave Oliver,Lubotty,26,96,0,17
Dave Oliver,Lubotty,27,35,0,7
Peter Apostle,ThePope,20,146,0,11
Peter Apostle,ThePope,21,105,0,17
Peter Apostle,ThePope,22,124,0,20
Peter Apostle,ThePope,23,99,0,16
Peter Apostle,ThePope,24,58,0,9
Peter Apostle,ThePope,25,67,0,10
Peter Apostle,ThePope,26,107,0,15
Peter Apostle,ThePope,27,27,0,3
Beelze Bot,Aenir,20,36,0,3
Beelze Bot,Aenir,21,169,0,29
Beelze Bot,Aenir,22,234,0,41
Beelze Bot,Aenir,23,230,0,42
Beelze Bot,Aenir,24,174,0,31
Beelze Bot,Aenir,25,235,0,36
Beelze Bot,Aenir,26,173,0,32
Beelze Bot,Aenir,27,72,0,11
Ozzy Trent Kovács,OTK,20,30,0,2
Ozzy Trent Kovács,OTK,21,179,0,30
Ozzy Trent Kovács,OTK,22,227,0,43
Ozzy Trent Kovács,OTK,23,248,0,45
Ozzy Trent Kovács,OTK,24,197,0,32
Ozzy Trent Kovács,OTK,25,211,0,36
Ozzy Trent Kovács,OTK,26,193,0,33
Ozzy Trent Kovács,OTK,27,52,0,10
Capybara Chevalier,Wild Capybara,21,161,0,24
Capybara Chevalier,Wild Capybara,22,137,0,30
Capybara Chevalier,Wild Capybara,23,129,0,21
Capybara Chevalier,Wild Capybara,24,151,0,22
Capybara Chevalier,Wild Capybara,25,72,0,10
Capybara Chevalier,Wild Capybara,26,73,0,11
Capybara Chevalier,Wild Capybara,27,24,0,3
Maarten Slothlenburg,slothfacekilla,20,30,0,2
Maarten Slothlenburg,slothfacekilla,21,127,0,25
Maarten Slothlenburg,slothfacekilla,22,207,0,40
Maarten Slothlenburg,slothfacekilla,23,233,0,43
Maarten Slothlenburg,slothfacekilla,24,193,0,33
Maarten Slothlenburg,slothfacekilla,25,235,0,39
Maarten Slothlenburg,slothfacekilla,26,190,0,35
Maarten Slothlenburg,slothfacekilla,27,56,0,10
Aimo Silakka,retuperkele,20,30,0,2
Aimo Silakka,retuperkele,21,145,0,25
Aimo Silakka,retuperkele,22,225,0,42
Aimo Silakka,retuperkele,23,204,0,37
Aimo Silakka,retuperkele,24,185,0,33
Aimo Silakka,retuperkele,25,179,0,35
Aimo Silakka,retuperkele,26,204,0,35
Aimo Silakka,retuperkele,27,59,0,10
Mikko Rashford IV,Lime,20,30,0,2
Mikko Rashford IV,Lime,21,71,0,12
Mikko Rashford IV,Lime,22,138,0,28
Mikko Rashford IV,Lime,23,60,0,9
Mikko Rashford IV,Lime,24,41,0,5
Mikko Rashford IV,Lime,25,51,0,7
Mikko Rashford IV,Lime,26,28,0,3
Franz van Grimbergen,Flaaks,20,30,0,2
Franz van Grimbergen,Flaaks,21,72,0,9
Franz van Grimbergen,Flaaks,22,135,0,28
Franz van Grimbergen,Flaaks,23,117,0,21
Franz van Grimbergen,Flaaks,24,73,0,11
Franz van Grimbergen,Flaaks,25,24,0,2
Franz van Grimbergen,Flaaks,26,24,0,2
Killua Zoldyck jr,Sinister,20,30,0,2
Killua Zoldyck jr,Sinister,21,85,0,17
Killua Zoldyck jr,Sinister,22,162,0,27
Killua Zoldyck jr,Sinister,23,228,0,38
Killua Zoldyck jr,Sinister,24,118,0,19
Killua Zoldyck jr,Sinister,25,121,0,19
Killua Zoldyck jr,Sinister,26,53,0,6
Resetti Moretti,spooked,20,30,0,2
Resetti Moretti,spooked,21,173,0,29
Resetti Moretti,spooked,22,170,0,35
Resetti Moretti,spooked,23,187,0,35
Resetti Moretti,spooked,24,111,0,17
Joseph Mathys Hendry,Bayley,20,30,0,2
Joseph Mathys Hendry,Bayley,21,192,0,30
Joseph Mathys Hendry,Bayley,22,223,0,41
Joseph Mathys Hendry,Bayley,23,232,0,41
Joseph Mathys Hendry,Bayley,24,182,0,29
Joseph Mathys Hendry,Bayley,25,195,0,33
Joseph Mathys Hendry,Bayley,26,181,0,29
Joseph Mathys Hendry,Bayley,27,44,0,8
Tlacaelel Tepoztli,woog,21,177,0,26
Tlacaelel Tepoztli,woog,22,205,0,39
Tlacaelel Tepoztli,woog,23,198,0,37
Tlacaelel Tepoztli,woog,24,182,0,29
Tlacaelel Tepoztli,woog,25,130,0,24
Tlacaelel Tepoztli,woog,26,122,0,20
Tlacaelel Tepoztli,woog,27,38,0,6
Nyron Nosworthy,Crunk,21,213,0,36
Nyron Nosworthy,Crunk,22,225,0,42
Nyron Nosworthy,Crunk,23,249,0,43
Nyron Nosworthy,Crunk,24,193,0,32
Nyron Nosworthy,Crunk,25,205,0,36
Nyron Nosworthy,Crunk,26,186,0,32
Nyron Nosworthy,Crunk,27,51,0,10
Damian Kroetch,Damienj10,21,117,0,14
Damian Kroetch,Damienj10,22,32,0,8
Damian Kroetch,Damienj10,23,57,0,7
Fiery Chicken,FuriousChicken,21,198,0,33
Fiery Chicken,FuriousChicken,22,233,0,42
Fiery Chicken,FuriousChicken,23,185,0,38
Fiery Chicken,FuriousChicken,24,194,0,32
Fiery Chicken,FuriousChicken,25,201,0,34
Fiery Chicken,FuriousChicken,26,219,0,35
Fiery Chicken,FuriousChicken,27,64,0,10
Javon Smokes,wisekamaj16,21,48,0,5
Javon Smokes,wisekamaj16,22,30,0,2
Orla Hughes-Galloway,boom,21,156,0,21
Orla Hughes-Galloway,boom,22,184,0,34
Orla Hughes-Galloway,boom,23,237,0,41
Orla Hughes-Galloway,boom,24,183,0,28
Orla Hughes-Galloway,boom,25,95,0,17
Orla Hughes-Galloway,boom,26,139,0,20
Orla Hughes-Galloway,boom,27,42,0,6
Eden Empire IV,MMFLEX,21,136,0,21
Eden Empire IV,MMFLEX,22,216,0,39
Eden Empire IV,MMFLEX,23,215,0,39
Eden Empire IV,MMFLEX,24,178,0,29
Eden Empire IV,MMFLEX,25,159,0,25
Eden Empire IV,MMFLEX,26,151,0,25
Eden Empire IV,MMFLEX,27,48,0,5
Heung-Man Smalls,ItZSmalls,21,176,0,26
Heung-Man Smalls,ItZSmalls,22,140,0,29
Heung-Man Smalls,ItZSmalls,23,115,0,25
Heung-Man Smalls,ItZSmalls,24,64,0,9
Heung-Man Smalls,ItZSmalls,25,24,0,2
Greg Evil,theevilisback,21,123,0,20
Greg Evil,theevilisback,22,205,0,39
Greg Evil,theevilisback,23,174,0,33
Greg Evil,theevilisback,24,129,0,20
Greg Evil,theevilisback,25,154,0,25
Greg Evil,theevilisback,26,149,0,23
Greg Evil,theevilisback,27,49,0,8
Doctor Wad,Caspwad,21,88,0,13
Doctor Wad,Caspwad,22,127,0,25
Doctor Wad,Caspwad,23,183,0,34
Doctor Wad,Caspwad,24,156,0,27
Doctor Wad,Caspwad,25,162,0,23
Doctor Wad,Caspwad,26,149,0,28
Doctor Wad,Caspwad,27,32,0,5
Ryan O'Neill,Ryan_Oneill,21,85,0,12
Ryan O'Neill,Ryan_Oneill,22,146,0,27
Ryan O'Neill,Ryan_Oneill,23,133,0,28
Ryan O'Neill,Ryan_Oneill,24,78,0,17
Ryan O'Neill,Ryan_Oneill,25,113,0,23
Ryan O'Neill,Ryan_Oneill,26,149,0,26
Ryan O'Neill,Ryan_Oneill,27,27,0,6
Taylor Smith-Jones,Hordle,21,45,0,6
Taylor Smith-Jones,Hordle,22,6,0,3
Gianlugia Bufoon,lowkeyazombie,21,168,0,28
Gianlugia Bufoon,lowkeyazombie,22,163,0,31
João Cancelo,Dmac1200,21,174,0,25
João Cancelo,Dmac1200,22,180,0,35
João Cancelo,Dmac1200,23,168,0,33
João Cancelo,Dmac1200,24,134,0,23
João Cancelo,Dmac1200,25,102,0,21
João Cancelo,Dmac1200,26,145,0,25
João Cancelo,Dmac1200,27,40,0,6
Remi Taarel,Alecory,21,121,0,15
Remi Taarel,Alecory,22,87,0,20
Remi Taarel,Alecory,23,141,0,19
Remi Taarel,Alecory,24,126,0,18
Remi Taarel,Alecory,25,96,0,15
Remi Taarel,Alecory,26,54,0,9
Remi Taarel,Alecory,27,36,0,5
Alejandro Fuecoco,JKortesi81,21,161,0,29
Alejandro Fuecoco,JKortesi81,22,225,0,43
Alejandro Fuecoco,JKortesi81,23,281,0,46
Alejandro Fuecoco,JKortesi81,24,148,0,28
Alejandro Fuecoco,JKortesi81,25,235,0,37
Alejandro Fuecoco,JKortesi81,26,115,0,25
Alejandro Fuecoco,JKortesi81,27,76,0,11
Henry Andrews Jr.,abh89,21,124,0,16
Henry Andrews Jr.,abh89,22,114,0,28
Henry Andrews Jr.,abh89,23,116,0,16
Henry Andrews Jr.,abh89,24,89,0,14
Henry Andrews Jr.,abh89,25,61,0,8
Henry Andrews Jr.,abh89,26,109,0,18
Henry Andrews Jr.,abh89,27,39,0,6
Knight Mayer,mkp224,21,56,0,8
Knight Mayer,mkp224,22,6,0,3
Knight Mayer,mkp224,24,27,0,3
Benjamin Munro,BJ_Munro,21,199,0,28
Benjamin Munro,BJ_Munro,22,146,0,33
Benjamin Munro,BJ_Munro,23,162,0,29
Benjamin Munro,BJ_Munro,24,150,0,24
Benjamin Munro,BJ_Munro,25,54,0,7
Siddhartha Kilgannon,FaraDian,21,142,0,23
Siddhartha Kilgannon,FaraDian,22,230,0,36
Siddhartha Kilgannon,FaraDian,23,207,0,35
Siddhartha Kilgannon,FaraDian,24,155,0,24
Siddhartha Kilgannon,FaraDian,25,161,0,25
Siddhartha Kilgannon,FaraDian,26,197,0,28
Siddhartha Kilgannon,FaraDian,27,60,0,8
Shai Madueke,Slickk,21,85,0,11
Shai Madueke,Slickk,22,74,0,14
Shai Madueke,Slickk,23,30,0,2
Skiba D'Alessandro Rizzo,Socc,21,54,0,5
Skiba D'Alessandro Rizzo,Socc,22,40,0,5
Silver Tarandus,SilverBlitzenAG,21,184,0,26
Silver Tarandus,SilverBlitzenAG,22,185,0,36
Silver Tarandus,SilverBlitzenAG,23,250,0,47
Silver Tarandus,SilverBlitzenAG,24,188,0,34
Silver Tarandus,SilverBlitzenAG,25,171,0,33
Silver Tarandus,SilverBlitzenAG,26,163,0,28
Silver Tarandus,SilverBlitzenAG,27,71,0,11
JG Wentworth,Inf1d3l,21,151,0,20
JG Wentworth,Inf1d3l,22,110,0,27
JG Wentworth,Inf1d3l,23,157,0,29
JG Wentworth,Inf1d3l,24,96,0,15
JG Wentworth,Inf1d3l,25,30,0,3
Thad Castle,nylanderglazer,21,54,0,3
Jazz Chisholm,xbl,21,60,0,3
Grimace,Degradation,21,138,0,15
Grimace,Degradation,22,204,0,41
Grimace,Degradation,23,211,0,43
Grimace,Degradation,24,198,0,35
Grimace,Degradation,25,211,0,35
Grimace,Degradation,26,126,0,24
Grimace,Degradation,27,25,0,5
Doc McStuffins,yibs,21,96,0,6
Doc McStuffins,yibs,22,6,0,3
Larv Itar,Bearen,21,133,0,13
Larv Itar,Bearen,22,211,0,44
Larv Itar,Bearen,23,195,0,38
Larv Itar,Bearen,24,158,0,25
Larv Itar,Bearen,25,78,0,10
Larv Itar,Bearen,26,62,0,7
Ilya Pautov,DrDoof,21,30,0,2
Ilya Pautov,DrDoof,22,28,0,6
Ilya Pautov,DrDoof,23,8,0,6
Pardner Magool,SamEagle76,22,187,0,31
Pardner Magool,SamEagle76,23,155,0,39
Pardner Magool,SamEagle76,24,109,0,16
Pardner Magool,SamEagle76,25,100,0,18
Pardner Magool,SamEagle76,26,88,0,11
Pardner Magool,SamEagle76,27,49,0,7
John Faxe Kondi,John Faxe Kondi,21,30,0,2
John Faxe Kondi,John Faxe Kondi,22,121,0,23
John Faxe Kondi,John Faxe Kondi,23,51,0,12
Kaspars Kalinins,jacobcarson877,21,30,0,2
Kaspars Kalinins,jacobcarson877,22,200,0,37
Kaspars Kalinins,jacobcarson877,23,270,0,51
Kaspars Kalinins,jacobcarson877,24,188,0,31
Kaspars Kalinins,jacobcarson877,25,192,0,29
Kaspars Kalinins,jacobcarson877,26,206,0,32
Kaspars Kalinins,jacobcarson877,27,50,0,9
Sky Scraper,SFresh3,21,30,0,2
Sky Scraper,SFresh3,22,147,0,26
Sky Scraper,SFresh3,23,166,0,37
Sky Scraper,SFresh3,24,168,0,27
Sky Scraper,SFresh3,25,166,0,27
Sky Scraper,SFresh3,26,169,0,24
Sky Scraper,SFresh3,27,28,0,5
Johnny Crying,LarryTheMVP,21,30,0,2
Johnny Crying,LarryTheMVP,22,30,0,5
Johnny Crying,LarryTheMVP,23,74,0,9
Johnny Crying,LarryTheMVP,24,69,0,8
Johnny Crying,LarryTheMVP,25,24,0,2
Johnny Crying,LarryTheMVP,26,39,0,3
Matt Oopsie Wrongsport Turk,Matt Turk,21,30,0,2
Matt Oopsie Wrongsport Turk,Matt Turk,22,182,0,35
Matt Oopsie Wrongsport Turk,Matt Turk,23,192,0,44
Matt Oopsie Wrongsport Turk,Matt Turk,24,148,0,21
Dwayne Pruney,Nike,21,30,0,2
Dwayne Pruney,Nike,22,172,0,33
Dwayne Pruney,Nike,23,258,0,50
Dwayne Pruney,Nike,24,171,0,30
Dwayne Pruney,Nike,25,196,0,35
Dwayne Pruney,Nike,26,195,0,33
Dwayne Pruney,Nike,27,63,0,8
Weston McNuggie,swoosh,21,30,0,2
Weston McNuggie,swoosh,22,171,0,38
Weston McNuggie,swoosh,23,196,0,45
Weston McNuggie,swoosh,24,171,0,26
Weston McNuggie,swoosh,25,159,0,25
Weston McNuggie,swoosh,26,198,0,31
Weston McNuggie,swoosh,27,79,0,12
Nico Grimes,Aleris,22,137,0,26
Nico Grimes,Aleris,23,242,0,40
Nico Grimes,Aleris,24,149,0,23
Nico Grimes,Aleris,25,144,0,20
Nico Grimes,Aleris,26,84,0,14
Nico Grimes,Aleris,27,54,0,7
Freddy Adu,Doc,22,189,0,33
Freddy Adu,Doc,23,262,0,51
Freddy Adu,Doc,24,212,0,34
Freddy Adu,Doc,25,200,0,34
Freddy Adu,Doc,26,202,0,33
Freddy Adu,Doc,27,88,0,12
Robbie Schuurmans,Katth,22,146,0,25
Robbie Schuurmans,Katth,23,215,0,39
Robbie Schuurmans,Katth,24,121,0,18
Robbie Schuurmans,Katth,25,42,0,5
Jonathan Muńoz,CaptainGatsby,22,121,0,14
Jonathan Muńoz,CaptainGatsby,23,78,0,15
Jonathan Muńoz,CaptainGatsby,24,106,0,13
Jonathan Muńoz,CaptainGatsby,25,84,0,12
Jonathan Muńoz,CaptainGatsby,26,54,0,9
Jonathan Muńoz,CaptainGatsby,27,56,0,7
Lucas James,Meshable,22,166,0,21
Lucas James,Meshable,23,18,0,3
Mike Bassett,PengestMunch,22,85,0,11
Mike Bassett,PengestMunch,23,6,0,3
Xavier Simmons,Icey,22,97,0,10
Xavier Simmons,Icey,23,10,0,3
Luc van Setten,Lucoshi,22,79,0,12
Luc van Setten,Lucoshi,23,18,0,3
Nepa Paya,nepapaya,22,131,0,22
Nepa Paya,nepapaya,23,118,0,24
George Leemhuis,Tvdp,22,43,0,4
Tumelo Letsie,AW13,22,114,0,13
Tumelo Letsie,AW13,23,131,0,32
Tumelo Letsie,AW13,24,123,0,19
Tumelo Letsie,AW13,25,102,0,13
Tumelo Letsie,AW13,26,90,0,11
Tumelo Letsie,AW13,27,30,0,3
Jay Cue Jr.,Opera_Phantom,22,206,0,39
Jay Cue Jr.,Opera_Phantom,23,193,0,43
Jay Cue Jr.,Opera_Phantom,24,168,0,28
Jay Cue Jr.,Opera_Phantom,25,103,0,21
Jay Cue Jr.,Opera_Phantom,26,137,0,23
Jay Cue Jr.,Opera_Phantom,27,57,0,9
Conrad Maier,Jarnios,22,30,0,2
Conrad Maier,Jarnios,23,2,0,1
Fabian Fischer,FettsackForYou,22,6,0,1
Fabian Fischer,FettsackForYou,23,6,0,3
Jiang You,loosSerine,22,150,0,32
Jiang You,loosSerine,23,149,0,28
Jiang You,loosSerine,24,99,0,19
Jiang You,loosSerine,25,102,0,18
Jiang You,loosSerine,26,87,0,14
Jiang You,loosSerine,27,56,0,7
Seth McNeil,CamGoldenGun,22,208,0,37
Seth McNeil,CamGoldenGun,23,249,0,52
Seth McNeil,CamGoldenGun,24,208,0,34
Seth McNeil,CamGoldenGun,25,218,0,35
Seth McNeil,CamGoldenGun,26,208,0,34
Seth McNeil,CamGoldenGun,27,62,0,11
Bob Berendsen,McLumberjack,22,158,0,25
Bob Berendsen,McLumberjack,23,277,0,52
Bob Berendsen,McLumberjack,24,218,0,34
Bob Berendsen,McLumberjack,25,201,0,36
Bob Berendsen,McLumberjack,26,209,0,34
Bob Berendsen,McLumberjack,27,62,0,11
Jeff Sausaginho,Godsausage,22,30,0,2
Jeff Sausaginho,Godsausage,23,2,0,1
Nico Lam,Zucker,22,210,0,36
Nico Lam,Zucker,23,221,0,43
Nico Lam,Zucker,24,98,0,16
Nico Lam,Zucker,25,95,0,12
Nico Lam,Zucker,26,78,0,11
Nico Lam,Zucker,27,48,0,6
Ross Downing,saxoross,22,84,0,11
Ross Downing,saxoross,23,60,0,9
Adi Gohil,Curbotron,22,61,0,9
Adi Gohil,Curbotron,23,6,0,3
Lucas Peioxoto,Lpapi,22,232,0,38
Lucas Peioxoto,Lpapi,23,266,0,52
Lucas Peioxoto,Lpapi,24,207,0,33
Lucas Peioxoto,Lpapi,25,201,0,35
Lucas Peioxoto,Lpapi,26,199,0,33
Lucas Peioxoto,Lpapi,27,52,0,10
Charlie McPhee,TheCharlieMcPhee,22,36,0,3
Will Chamblee,Will0104,22,69,0,11
Will Chamblee,Will0104,23,6,0,3
Pujan Kothari,appleraju,22,36,0,3
Đào Công Minh,vnxun,22,30,0,2
Lan Mandragoran,Lan,22,214,0,38
Lan Mandragoran,Lan,23,225,0,50
Lan Mandragoran,Lan,24,201,0,34
Lan Mandragoran,Lan,25,204,0,37
Lan Mandragoran,Lan,26,199,0,34
Lan Mandragoran,Lan,27,62,0,11
Tommaso Cappellari,ChefTommaso,22,111,0,22
Tommaso Cappellari,ChefTommaso,23,84,0,17
Tommaso Cappellari,ChefTommaso,24,33,0,3
Victor Howell,EmperorRimbaud,22,42,0,4
Victor Howell,EmperorRimbaud,23,8,0,6
Thomas Schwarte,MetalTS,22,209,0,36
Thomas Schwarte,MetalTS,23,113,0,30
Thomas Schwarte,MetalTS,24,121,0,19
Thomas Schwarte,MetalTS,25,143,0,24
Thomas Schwarte,MetalTS,26,79,0,13
Thomas Schwarte,MetalTS,27,45,0,7
Luke Walker,fathands3k,22,230,0,40
Luke Walker,fathands3k,23,257,0,51
Luke Walker,fathands3k,24,201,0,33
Luke Walker,fathands3k,25,196,0,35
Luke Walker,fathands3k,26,215,0,34
Luke Walker,fathands3k,27,62,0,11
Volkan Kızıltaş,Estiarte,22,118,0,17
Volkan Kızıltaş,Estiarte,23,8,0,6
Babatunde Agachuthu,Babatunde,22,30,0,2
No Face,ReadySalted,22,140,0,23
No Face,ReadySalted,23,283,0,52
No Face,ReadySalted,24,211,0,34
No Face,ReadySalted,25,194,0,35
No Face,ReadySalted,26,220,0,36
No Face,ReadySalted,27,62,0,11
Gideon Norel,Zedakay,22,48,0,5
Caroni Riveras,Mafx,22,213,0,39
Caroni Riveras,Mafx,23,253,0,53
Caroni Riveras,Mafx,24,209,0,37
Caroni Riveras,Mafx,25,200,0,37
Caroni Riveras,Mafx,26,222,0,35
Caroni Riveras,Mafx,27,52,0,10
Scott MacLeod,Yaldi,22,160,0,28
Scott MacLeod,Yaldi,23,153,0,36
Scott MacLeod,Yaldi,24,100,0,17
Scott MacLeod,Yaldi,25,125,0,18
Scott MacLeod,Yaldi,26,62,0,11
Scott MacLeod,Yaldi,27,42,0,5
Sepp Hölzlmayr,Kivi,22,25,0,5
Sepp Hölzlmayr,Kivi,23,2,0,1
Rean Schwarzer,Bowl0,22,85,0,11
Rean Schwarzer,Bowl0,23,114,0,18
Rean Schwarzer,Bowl0,24,60,0,7
Rean Schwarzer,Bowl0,25,30,0,3
Rean Schwarzer,Bowl0,26,24,0,2
Billy Bobby,Wiggo,22,126,0,18
Billy Bobby,Wiggo,23,254,0,40
Billy Bobby,Wiggo,24,207,0,33
Billy Bobby,Wiggo,25,201,0,35
Billy Bobby,Wiggo,26,209,0,34
Billy Bobby,Wiggo,27,62,0,11
Juanito Perez,Sandiacalada,22,64,0,8
Juanito Perez,Sandiacalada,23,8,0,6
Kaspar Talvik,Froste39,22,211,0,36
Kaspar Talvik,Froste39,23,52,0,15
Danny Michati,Probot,22,90,0,12
Danny Michati,Probot,23,6,0,4
Rip Van Winkle,astrablossom,22,43,0,4
Rip Van Winkle,astrablossom,23,8,0,6
Aren fjord,Aford9910,22,69,0,9
Aren fjord,Aford9910,23,126,0,21
Aren fjord,Aford9910,24,66,0,8
Aren fjord,Aford9910,25,37,0,5
Aren fjord,Aford9910,27,39,0,3
Arsène N'Goussou,Pandar,22,189,0,35
Arsène N'Goussou,Pandar,23,309,0,53
Arsène N'Goussou,Pandar,24,208,0,35
Arsène N'Goussou,Pandar,25,177,0,31
Arsène N'Goussou,Pandar,26,259,0,37
Arsène N'Goussou,Pandar,27,63,0,11
Christian De Nardo,Chrisdena,22,30,0,2
Ryan Lecavalier,delia,22,42,0,3
Dr Squid,Colton_MC,22,150,0,22
Dr Squid,Colton_MC,23,192,0,40
Dr Squid,Colton_MC,24,114,0,15
Dr Squid,Colton_MC,25,140,0,21
Dr Squid,Colton_MC,26,64,0,10
Dr Squid,Colton_MC,27,48,0,4
Hans Grudnar,BOS,22,176,0,28
Hans Grudnar,BOS,23,240,0,49
Hans Grudnar,BOS,24,141,0,26
Hans Grudnar,BOS,25,100,0,16
Hans Grudnar,BOS,26,79,0,8
Hans Grudnar,BOS,27,25,0,4
Monkey Buccaneer,uhnp,22,117,0,11
Monkey Buccaneer,uhnp,23,127,0,19
Monkey Buccaneer,uhnp,24,109,0,19
Monkey Buccaneer,uhnp,25,137,0,22
Monkey Buccaneer,uhnp,26,161,0,27
Monkey Buccaneer,uhnp,27,57,0,8
Miguel Alves,Lolst02,22,108,0,8
Miguel Alves,Lolst02,23,41,0,8
Dimitrios Karras,Fluw,22,150,0,17
Dimitrios Karras,Fluw,23,93,0,24
Dimitrios Karras,Fluw,24,90,0,13
Dimitrios Karras,Fluw,26,24,0,2
Dimitrios Karras,Fluw,27,18,0,3
Phil Villotte,Phil,22,32,0,2
Phil Villotte,Phil,23,6,0,1
Bad Wolf,Thewhovian,22,78,0,4
Bad Wolf,Thewhovian,23,163,0,23
Bad Wolf,Thewhovian,24,118,0,18
Bad Wolf,Thewhovian,25,49,0,12
Bad Wolf,Thewhovian,26,103,0,15
Bad Wolf,Thewhovian,27,52,0,7
Isaiah corrigan,Deecee98,22,118,0,7
Isaiah corrigan,Deecee98,23,34,0,5
Jerry Kirkland,chaserck,23,63,0,9
Jerry Kirkland,chaserck,24,42,0,6
Takaharu Suzuki,Sajkashi,22,30,0,2
Takaharu Suzuki,Sajkashi,23,99,0,16
Takaharu Suzuki,Sajkashi,24,188,0,37
Takaharu Suzuki,Sajkashi,25,180,0,33
Takaharu Suzuki,Sajkashi,26,135,0,25
Takaharu Suzuki,Sajkashi,27,46,0,6
Miester Blobbé,Jelley,22,37,0,3
Miester Blobbé,Jelley,23,147,0,31
Miester Blobbé,Jelley,24,116,0,20
Vumion Stitcherson,Vumion,22,30,0,2
Vumion Stitcherson,Vumion,23,124,0,19
Vumion Stitcherson,Vumion,24,101,0,16
Vumion Stitcherson,Vumion,25,85,0,12
Vumion Stitcherson,Vumion,26,94,0,12
Vumion Stitcherson,Vumion,27,18,0,3
Jonathon Jameston,Joriel,22,30,0,2
Jonathon Jameston,Joriel,23,135,0,24
Jonathon Jameston,Joriel,24,166,0,33
Jonathon Jameston,Joriel,25,145,0,25
Jonathon Jameston,Joriel,26,193,0,31
Jonathon Jameston,Joriel,27,73,0,9
Huxley vin Merritein,favenviro,23,37,0,5
Huxley vin Merritein,favenviro,24,4,0,2
Oscar Acton,Sen,23,130,0,17
Oscar Acton,Sen,24,48,0,10
Oscar Acton,Sen,25,178,0,28
Oscar Acton,Sen,26,165,0,25
Oscar Acton,Sen,27,12,0,2
Lisfor ilovezeagLe,lemonoppy,23,269,0,42
Lisfor ilovezeagLe,lemonoppy,24,209,0,38
Lisfor ilovezeagLe,lemonoppy,25,226,0,36
Lisfor ilovezeagLe,lemonoppy,26,203,0,33
Lisfor ilovezeagLe,lemonoppy,27,61,0,11
Bodhi Grizz,Ltblackgrizzly,23,229,0,40
Bodhi Grizz,Ltblackgrizzly,24,195,0,34
Bodhi Grizz,Ltblackgrizzly,25,227,0,38
Bodhi Grizz,Ltblackgrizzly,26,180,0,30
Bodhi Grizz,Ltblackgrizzly,27,46,0,9
Scat Cat,Soviet Sexpot,23,252,0,44
Scat Cat,Soviet Sexpot,24,169,0,34
Scat Cat,Soviet Sexpot,25,162,0,25
Scat Cat,Soviet Sexpot,26,192,0,31
Scat Cat,Soviet Sexpot,27,94,0,13
Brad Woof,Brad Woof,23,114,0,18
Brad Woof,Brad Woof,24,179,0,29
Brad Woof,Brad Woof,25,131,0,24
Brad Woof,Brad Woof,26,128,0,21
Brad Woof,Brad Woof,27,26,0,5
Stan Smith,armond2193,23,138,0,19
Stan Smith,armond2193,24,102,0,23
Stan Smith,armond2193,25,124,0,20
Stan Smith,armond2193,26,124,0,20
Stan Smith,armond2193,27,31,0,4
Allen Gray,Rager,23,98,0,14
Allen Gray,Rager,24,6,0,3
Francis Mburu,mcfrasier,23,6,0,1
Peach Toadstool,WildfireMicro,23,216,0,33
Peach Toadstool,WildfireMicro,24,170,0,31
Peach Toadstool,WildfireMicro,25,59,0,11
Peach Toadstool,WildfireMicro,26,42,0,6
Austin Morley,soevil,23,236,0,40
Austin Morley,soevil,24,193,0,36
Austin Morley,soevil,25,176,0,29
Austin Morley,soevil,26,139,0,22
Austin Morley,soevil,27,18,0,3
Patrick Zwieg,saket23,23,171,0,25
Patrick Zwieg,saket23,24,166,0,33
Stefano Rosini,Steee,23,226,0,36
Stefano Rosini,Steee,24,198,0,37
Stefano Rosini,Steee,25,190,0,32
Stefano Rosini,Steee,26,152,0,24
Stefano Rosini,Steee,27,70,0,9
Xuxu Jang,davidlostt7,23,132,0,14
Xuxu Jang,davidlostt7,24,171,0,30
Xuxu Jang,davidlostt7,25,186,0,33
Xuxu Jang,davidlostt7,26,84,0,14
Xuxu Jang,davidlostt7,27,30,0,3
Sergio Raskel,Pannekoek,23,91,0,10
Sergio Raskel,Pannekoek,24,54,0,8
Tito Esposito,coachsj35,23,97,0,11
Tito Esposito,coachsj35,24,104,0,17
Tito Esposito,coachsj35,25,66,0,8
Tito Esposito,coachsj35,26,68,0,10
Tito Esposito,coachsj35,27,36,0,4
Hunter Jackson,hunterdjackson2004,23,72,0,6
Johnboy Maiava,KiwiFooty12,23,84,0,7
Johnboy Maiava,KiwiFooty12,24,56,0,12
Turd Ferguson,Turd Ferguson,23,222,0,29
Turd Ferguson,Turd Ferguson,24,215,0,41
Turd Ferguson,Turd Ferguson,25,190,0,36
Turd Ferguson,Turd Ferguson,26,173,0,30
Turd Ferguson,Turd Ferguson,27,56,0,10
Sami Bahoum,TheRealSBH,23,66,0,3
Otto Rocket,Prayl07,23,179,0,20
Otto Rocket,Prayl07,24,241,0,40
Otto Rocket,Prayl07,25,211,0,36
Otto Rocket,Prayl07,26,199,0,33
Otto Rocket,Prayl07,27,52,0,10
Robert Robertson,Arctic,23,86,0,7
Robert Robertson,Arctic,24,6,0,3
Nick Dusk,HelloBeeper,23,113,0,10
Nick Dusk,HelloBeeper,24,105,0,20
Nick Dusk,HelloBeeper,25,128,0,18
Nick Dusk,HelloBeeper,26,98,0,15
Nick Dusk,HelloBeeper,27,42,0,5
Vincent Haye,Duilio05,23,30,0,2
Vincent Haye,Duilio05,24,148,0,24
Vincent Haye,Duilio05,25,201,0,38
Vincent Haye,Duilio05,26,176,0,31
Vincent Haye,Duilio05,27,87,0,13
Van Jertonghen,Chadwick,24,155,0,24
Van Jertonghen,Chadwick,25,158,0,29
Van Jertonghen,Chadwick,26,107,0,16
Van Jertonghen,Chadwick,27,42,0,5
Ekon Ayo,rrf_1,23,30,0,2
Ekon Ayo,rrf_1,24,204,0,32
Ekon Ayo,rrf_1,25,229,0,40
Ekon Ayo,rrf_1,26,214,0,35
Ekon Ayo,rrf_1,27,52,0,10
Armero Staple,vinsky,23,30,0,2
Armero Staple,vinsky,24,166,0,27
Armero Staple,vinsky,25,190,0,35
Armero Staple,vinsky,26,176,0,29
Armero Staple,vinsky,27,39,0,7
Camelot Darugius,BFMV_RuNn3r,23,30,0,2
Camelot Darugius,BFMV_RuNn3r,24,53,0,8
Camelot Darugius,BFMV_RuNn3r,25,60,0,9
Camelot Darugius,BFMV_RuNn3r,26,50,0,4
Karlach Cliffgate,Jackienape,24,157,0,28
Karlach Cliffgate,Jackienape,25,189,0,35
Karlach Cliffgate,Jackienape,26,91,0,14
Chris McZehrl,Chris-McZehrl,23,30,0,2
Chris McZehrl,Chris-McZehrl,24,154,0,26
Chris McZehrl,Chris-McZehrl,25,191,0,36
Chris McZehrl,Chris-McZehrl,26,162,0,31
Chris McZehrl,Chris-McZehrl,27,35,0,7
Sharko Demarco,TheAmericanPineapple,23,30,0,2
Sharko Demarco,TheAmericanPineapple,24,159,0,27
Sharko Demarco,TheAmericanPineapple,25,147,0,30
Sharko Demarco,TheAmericanPineapple,26,185,0,30
Sharko Demarco,TheAmericanPineapple,27,43,0,7
João Mendes,jason97,23,30,0,2
João Mendes,jason97,24,181,0,32
João Mendes,jason97,25,225,0,46
João Mendes,jason97,26,211,0,37
João Mendes,jason97,27,61,0,11
Dr DoofenWirtz,Big Newff,24,131,0,20
Dr DoofenWirtz,Big Newff,25,79,0,13
Juliette Greer,Metafiction,23,30,0,2
Juliette Greer,Metafiction,24,208,0,31
Juliette Greer,Metafiction,25,211,0,40
Juliette Greer,Metafiction,26,217,0,34
Juliette Greer,Metafiction,27,52,0,10
Zay Bailey,Heart0verheight3,24,146,0,22
Zay Bailey,Heart0verheight3,25,119,0,27
Zay Bailey,Heart0verheight3,26,94,0,11
Zay Bailey,Heart0verheight3,27,30,0,3
Mecha Zilla,firstfray,23,30,0,2
Mecha Zilla,firstfray,24,150,0,25
Mecha Zilla,firstfray,25,177,0,35
Mecha Zilla,firstfray,26,235,0,36
Mecha Zilla,firstfray,27,86,0,12
Curtis Yeager,CLG Rampage,24,124,0,21
Curtis Yeager,CLG Rampage,25,168,0,27
Curtis Yeager,CLG Rampage,26,104,0,20
Curtis Yeager,CLG Rampage,27,52,0,8
Justin Fern,Potato,24,96,0,10
Justin Fern,Potato,25,138,0,23
Justin Fern,Potato,26,122,0,20
Justin Fern,Potato,27,28,0,5
Phil Space,Toasty,24,170,0,29
Phil Space,Toasty,25,212,0,39
Phil Space,Toasty,26,189,0,30
Phil Space,Toasty,27,83,0,12
Domingo Hernández,bjkman,24,206,0,32
Domingo Hernández,bjkman,25,218,0,40
Domingo Hernández,bjkman,26,178,0,32
Domingo Hernández,bjkman,27,74,0,11
Vyacheslav Shevchenko,Jakesdy,24,200,0,30
Vyacheslav Shevchenko,Jakesdy,25,218,0,46
Vyacheslav Shevchenko,Jakesdy,26,234,0,39
Vyacheslav Shevchenko,Jakesdy,27,54,0,11
Vivi Nefertari,sköldpaddor,24,187,0,28
Vivi Nefertari,sköldpaddor,25,163,0,32
Vivi Nefertari,sköldpaddor,26,197,0,30
Vivi Nefertari,sköldpaddor,27,79,0,10
Cody Maverick,Lemorse7,24,48,0,5
Sadie St-Louis,sadie,24,142,0,20
Sadie St-Louis,sadie,25,32,0,8
Judas Malice,Judas Malice,24,36,0,3
Judas Malice,Judas Malice,25,8,0,4
Idris Emad,Idris Emad,24,94,0,12
Idris Emad,Idris Emad,25,80,0,14
Jonny Jones,BigSocks,24,134,0,18
Jonny Jones,BigSocks,25,56,0,10
Jörgen Larsson,Johannatan,24,60,0,5
Isaac Cobberson,Hendrix Cobberson,24,48,0,3
Isaac Cobberson,Hendrix Cobberson,25,42,0,4
Isaac Cobberson,Hendrix Cobberson,26,30,0,2
Bob Ross,Harraitmsp,24,84,0,8
Bob Ross,Harraitmsp,25,98,0,12
Bob Ross,Harraitmsp,26,79,0,10
Bob Ross,Harraitmsp,27,24,0,2
Von Nguyen,namvtn,24,147,0,18
Von Nguyen,namvtn,25,28,0,8
Zahir Wicker,offzahh,24,30,0,1
Simon Sheeping,Kermit,24,60,0,3
Sheppard Vakarian,ShepVakarian,24,72,0,4
Sheppard Vakarian,ShepVakarian,25,40,0,5
Jaime Ureña,booshh_,24,84,0,6
Jaime Ureña,booshh_,25,64,0,9
Jaime Ureña,booshh_,26,36,0,3
Joseph Daniel Kakou,Moka26,24,142,0,12
Joseph Daniel Kakou,Moka26,25,224,0,42
Joseph Daniel Kakou,Moka26,26,227,0,35
Joseph Daniel Kakou,Moka26,27,61,0,11
S Sei,xyan,24,30,0,2
S Sei,xyan,25,201,0,34
S Sei,xyan,26,237,0,40
S Sei,xyan,27,63,0,11
Emmanuel Ofusu,Emmanuel Blackman,24,30,0,2
Emmanuel Ofusu,Emmanuel Blackman,25,95,0,18
Emmanuel Ofusu,Emmanuel Blackman,26,130,0,26
Emmanuel Ofusu,Emmanuel Blackman,27,29,0,7
Umaq Yupanqui,Rancidbudgie,24,30,0,2
Umaq Yupanqui,Rancidbudgie,25,161,0,27
Umaq Yupanqui,Rancidbudgie,26,111,0,25
Umaq Yupanqui,Rancidbudgie,27,52,0,7
Joshua Homme III Esquire Limited,o1playz,24,37,0,3
Joshua Homme III Esquire Limited,o1playz,25,183,0,32
Joshua Homme III Esquire Limited,o1playz,26,240,0,41
Joshua Homme III Esquire Limited,o1playz,27,44,0,9
STAR SCREAM,Starscream,24,37,0,3
STAR SCREAM,Starscream,25,184,0,33
STAR SCREAM,Starscream,26,225,0,46
STAR SCREAM,Starscream,27,58,0,13
Martin Krpan,ChiefVito,25,160,0,23
Martin Krpan,ChiefVito,26,125,0,26
Martin Krpan,ChiefVito,27,77,0,11
Baptiste Azzola,Liscore,24,36,0,3
Baptiste Azzola,Liscore,25,136,0,26
Baptiste Azzola,Liscore,26,203,0,39
Baptiste Azzola,Liscore,27,62,0,11
John Warhurst,NicoSZN,24,30,0,2
John Warhurst,NicoSZN,25,49,0,9
John Warhurst,NicoSZN,26,8,0,4
Peter Castellani,morrishsv,24,30,0,2
Peter Castellani,morrishsv,25,13,0,2
Barry McGlynn,Definia,24,37,0,3
Barry McGlynn,Definia,25,198,0,32
Barry McGlynn,Definia,26,227,0,39
Barry McGlynn,Definia,27,62,0,11
Walter Blanco,NotMissingNow,24,30,0,2
Walter Blanco,NotMissingNow,25,72,0,14
Walter Blanco,NotMissingNow,26,8,0,4
Ewan Purves,Ewan1245,25,60,0,10
Ewan Purves,Ewan1245,26,6,0,3
Tim Quackareedoo,canard101,24,30,0,2
Tim Quackareedoo,canard101,25,55,0,9
Tim Quackareedoo,canard101,26,52,0,7
Reece Munro,Riipsaw,24,35,0,3
Reece Munro,Riipsaw,25,193,0,35
Reece Munro,Riipsaw,26,228,0,41
Reece Munro,Riipsaw,27,62,0,11
Jack Pow,Jack_Pow,24,30,0,2
Jack Pow,Jack_Pow,25,194,0,33
Jack Pow,Jack_Pow,26,215,0,38
Jack Pow,Jack_Pow,27,65,0,13
Jimothy Erickson,GingerJLD,24,37,0,3
Jimothy Erickson,GingerJLD,25,192,0,39
Jimothy Erickson,GingerJLD,26,228,0,40
Jimothy Erickson,GingerJLD,27,56,0,10
Eric Duic,Roboeric562,25,114,0,21
Eric Duic,Roboeric562,26,133,0,26
Eric Duic,Roboeric562,27,100,0,13
Don Banjo,MrTheBanjo,24,30,0,2
Don Banjo,MrTheBanjo,25,48,0,8
Don Banjo,MrTheBanjo,26,30,0,2
Nacho Kusora,Wahgao,25,94,0,13
Nacho Kusora,Wahgao,26,8,0,4
Roberto Chávez,macham24,25,37,0,4
Che Youz,Youz,24,30,0,2
Che Youz,Youz,25,26,0,6
Che Youz,Youz,26,6,0,3
Owen Bryant,deadlymuffin_man,25,119,0,25
Owen Bryant,deadlymuffin_man,26,133,0,25
Christopher Bergmann,Bergmau,25,198,0,34
Christopher Bergmann,Bergmau,26,188,0,37
Christopher Bergmann,Bergmau,27,112,0,14
Kairo Vox,Hoodz_91,25,226,0,34
Kairo Vox,Hoodz_91,26,234,0,40
Kairo Vox,Hoodz_91,27,56,0,10
Albert Flowers,srsteve,25,60,0,7
Albert Flowers,srsteve,26,6,0,3
Joe Mormor,Haramcha,25,237,0,35
Joe Mormor,Haramcha,26,201,0,36
Joe Mormor,Haramcha,27,71,0,11
Geronimo Datbasted,TescoValueThor,25,89,0,12
Geronimo Datbasted,TescoValueThor,26,12,0,5
Jake Ronaldo,Jake,25,82,0,12
Jake Ronaldo,Jake,26,6,0,3
Sadie Black,Rezo950inat0r2,25,139,0,20
Sadie Black,Rezo950inat0r2,26,230,0,43
Sadie Black,Rezo950inat0r2,27,62,0,11
Jay Pea,Broski,25,66,0,8
Nick Kasak,nckkss,25,229,0,38
Nick Kasak,nckkss,26,236,0,41
Nick Kasak,nckkss,27,62,0,11
Alex Peña,CRMO15,25,201,0,32
Alex Peña,CRMO15,26,224,0,43
Alex Peña,CRMO15,27,78,0,13
Gold Ship,Liath The Squirrel,25,129,0,17
Gold Ship,Liath The Squirrel,26,50,0,9
Van Hieu Tang,newnew145,25,108,0,12
Van Hieu Tang,newnew145,26,30,0,7
Dennis van Huntelrooy,Jeanious,25,237,0,36
Dennis van Huntelrooy,Jeanious,26,226,0,41
Dennis van Huntelrooy,Jeanious,27,62,0,11
Scorp E. Unshark,hhh81,25,219,0,35
Scorp E. Unshark,hhh81,26,191,0,39
Scorp E. Unshark,hhh81,27,69,0,11
Bruce McAllister,Spree,25,153,0,20
Bruce McAllister,Spree,26,114,0,21
Bruce McAllister,Spree,27,58,0,6
Ozzy Boudreaux,Otis Boudreaux,25,79,0,10
Ozzy Boudreaux,Otis Boudreaux,26,8,0,4
Blaise N'Kufo,McTruffles,25,181,0,31
Blaise N'Kufo,McTruffles,26,119,0,26
Blaise N'Kufo,McTruffles,27,70,0,8
Moew enBach,Moew,25,202,0,32
Moew enBach,Moew,26,90,0,20
Moew enBach,Moew,27,54,0,7
Chris Walker VI,Thelandman,25,49,0,5
Dante Von Wolfe,Bloodless,25,228,0,41
Dante Von Wolfe,Bloodless,26,227,0,39
Dante Von Wolfe,Bloodless,27,62,0,11
Ian Degon,Wendrizthe2nd,25,50,0,6
Ian Degon,Wendrizthe2nd,26,8,0,4
Josh Harper,JCPro,25,177,0,27
Josh Harper,JCPro,26,221,0,38
Josh Harper,JCPro,27,53,0,10
Arsene Cardinet,ArsN,25,72,0,8
Arsene Cardinet,ArsN,26,2,0,1
Owen Goal,anjro,25,212,0,34
Owen Goal,anjro,26,235,0,42
Owen Goal,anjro,27,68,0,13
Mullet Man,Ogreishh,25,197,0,30
Mullet Man,Ogreishh,26,127,0,29
Mullet Man,Ogreishh,27,57,0,8
Alexandre Canal,Alexop,25,60,0,5
Nigel Mendoza,PthevenHam,25,18,0,1
Zryachiy 'The Headhunter',Snowy,25,54,0,4
Zryachiy 'The Headhunter',Snowy,26,4,0,2
Eliah Talic,Sir_Eliah,25,18,0,1
Maurjiro Rivers,Maur Rivers,25,143,0,19
Maurjiro Rivers,Maur Rivers,26,38,0,11
Don BebeZ,BebeZ,25,78,0,7
Jayson Bryzski,JaytheGreat,25,144,0,17
Jayson Bryzski,JaytheGreat,26,138,0,23
Jayson Bryzski,JaytheGreat,27,23,0,4
John McDougal,EggBert1899,25,130,0,14
John McDougal,EggBert1899,26,60,0,13
John McDougal,EggBert1899,27,41,0,4
Ignignokt,AustinP0027,25,208,0,25
Ignignokt,AustinP0027,26,231,0,39
Ignignokt,AustinP0027,27,62,0,11
Saba Kvekvetsia,Jepox,25,134,0,16
Saba Kvekvetsia,Jepox,26,82,0,17
Leonardo Stone,Frostbite,25,200,0,25
Leonardo Stone,Frostbite,26,236,0,39
Leonardo Stone,Frostbite,27,56,0,10
Saphira Brightscales,PidgeyDestined,25,201,0,24
Saphira Brightscales,PidgeyDestined,26,231,0,40
Saphira Brightscales,PidgeyDestined,27,62,0,11
Eden Garcia,RawRime,25,66,0,4
THRAXXii La’Mort,thetexasreaper,25,78,0,6
THRAXXii La’Mort,thetexasreaper,26,84,0,11
THRAXXii La’Mort,thetexasreaper,27,36,0,3
Cory Stevens,Toast,25,102,0,10
Cory Stevens,Toast,26,183,0,31
Cory Stevens,Toast,27,61,0,8
Isaiah Ali,Turbanator,25,157,0,17
Isaiah Ali,Turbanator,26,199,0,36
Isaiah Ali,Turbanator,27,18,0,3
Luis Fonseca,BackpackPlays,25,86,0,13
Luis Fonseca,BackpackPlays,26,47,0,13
Virpulis Dirsiņkrodzinieks,FrostBeard,25,36,0,1
Kaz Okada,DidYouSeeThatLudicrousDisplay?,25,142,0,14
Kaz Okada,DidYouSeeThatLudicrousDisplay?,26,189,0,37
Kaz Okada,DidYouSeeThatLudicrousDisplay?,27,76,0,11
Felix Pedro,Artemis,25,150,0,20
Felix Pedro,Artemis,26,175,0,37
Felix Pedro,Artemis,27,82,0,9
Tomas Havel,Randy,25,42,0,1
Lencho Ash,lorenzomora94,25,90,0,6
Lencho Ash,lorenzomora94,26,92,0,14
Lencho Ash,lorenzomora94,27,36,0,3
Le Chonk,amjohnson636,25,114,0,7
Le Chonk,amjohnson636,26,108,0,17
Le Chonk,amjohnson636,27,55,0,7
Slabko Plačkovič,sc1zzO,25,124,0,9
Slabko Plačkovič,sc1zzO,26,191,0,36
Slabko Plačkovič,sc1zzO,27,12,0,2
Bonnibel Bubblegum,PBubs900,25,30,0,2
Bonnibel Bubblegum,PBubs900,26,139,0,26
Bonnibel Bubblegum,PBubs900,27,83,0,16
Ahmad Ampharos,atw2592,26,90,0,12
Ahmad Ampharos,atw2592,27,48,0,5
Slim Towered,stankpicklez,25,30,0,2
Slim Towered,stankpicklez,26,183,0,33
Slim Towered,stankpicklez,27,54,0,13
Landy Donnie,Mode,25,30,0,2
Landy Donnie,Mode,26,104,0,17
Landy Donnie,Mode,27,8,0,5
Aaron Noxus,noxu,25,30,0,2
Aaron Noxus,noxu,26,19,0,3
Callum Wiggins,wigmeister14,26,121,0,16
Callum Wiggins,wigmeister14,27,31,0,5
Rylakn,Rylakn,25,37,0,3
Rylakn,Rylakn,26,194,0,36
Rylakn,Rylakn,27,84,0,17
Idris Nelson,Kino,25,6,0,1
Idris Nelson,Kino,26,108,0,15
Idris Nelson,Kino,27,52,0,8
Adrian Scochnikov,Chris,25,30,0,2
Adrian Scochnikov,Chris,26,94,0,18
Adrian Scochnikov,Chris,27,66,0,10
His Cheeseburger,Domffl,25,30,0,2
His Cheeseburger,Domffl,26,204,0,37
His Cheeseburger,Domffl,27,69,0,15
Ciaphas Cain,Pyro182,26,144,0,26
Ciaphas Cain,Pyro182,27,72,0,9
Captain MetalBeard,TubaDeus,26,235,0,36
Captain MetalBeard,TubaDeus,27,61,0,15
Max Velox,Sizz,26,214,0,34
Max Velox,Sizz,27,90,0,19
Swiss Cheese,SoySavant,26,212,0,33
Swiss Cheese,SoySavant,27,72,0,16
Paulie Wag,Pelochyta,26,239,0,37
Paulie Wag,Pelochyta,27,65,0,15
Thomas Thunder,Quitolis,26,232,0,32
Thomas Thunder,Quitolis,27,64,0,15
Tadgh O'Hurley,HoodRatRoyalty,26,151,0,23
Tadgh O'Hurley,HoodRatRoyalty,27,57,0,13
Tex Star,khens4,26,214,0,35
Tex Star,khens4,27,72,0,15
Daan Wouters,siddhus,26,217,0,40
Daan Wouters,siddhus,27,83,0,20
Yoshisaur Munchakoopa,Yoshi,26,155,0,28
Yoshisaur Munchakoopa,Yoshi,27,82,0,16
Felix Dono,Felix,26,42,0,4
Felix Dono,Felix,27,6,0,3
Karry Hane,RussDrivesTheBus,26,188,0,32
Karry Hane,RussDrivesTheBus,27,44,0,11
Marvin Fish,WildBoyy,26,6,0,1
Wolf Hawkins,fridayhungary,26,163,0,27
Wolf Hawkins,fridayhungary,27,92,0,15
Butters Stotch,Butters,26,234,0,33
Butters Stotch,Butters,27,73,0,16
Scott Newman,DarkViper2,26,233,0,34
Scott Newman,DarkViper2,27,73,0,16
Teddy Fantobens,Fantobens,26,84,0,11
Leif Janson,Reven,26,36,0,3
Thor Bǫllrstoppari,Thor,26,72,0,8
Thor Bǫllrstoppari,Thor,27,30,0,2
Jaden CIC,grandboyer,26,87,0,11
Jaden CIC,grandboyer,27,65,0,8
Meisho Doto,birb,26,179,0,27
Meisho Doto,birb,27,64,0,15
Bastien Deschamps,Stratosphere7,26,83,0,11
Bastien Deschamps,Stratosphere7,27,8,0,4
Tobias Gruber,Lyrikgold,26,126,0,15
Tobias Gruber,Lyrikgold,27,38,0,9
Mirza Bajramović,TotsVanGeki,26,93,0,11
Mirza Bajramović,TotsVanGeki,27,58,0,7
Brenden Smith,Tigerman,26,48,0,3
Henry Kang,Rslates,26,54,0,4
Henry Kang,Rslates,27,4,0,2
Cal McRae,GedgeBrah,26,177,0,26
Cal McRae,GedgeBrah,27,43,0,10
Kazeno Kagenori,Zephyrus1128,26,168,0,22
Kazeno Kagenori,Zephyrus1128,27,74,0,16
Gösta Holmberg,Hexx,26,160,0,20
Gösta Holmberg,Hexx,27,62,0,14
Sirxo Masters,ScarlettMantis,26,172,0,25
Sirxo Masters,ScarlettMantis,27,75,0,16
Kit Krunk,NessleKrunk,26,168,0,21
Kit Krunk,NessleKrunk,27,67,0,16
Prodigy Louis,TimmyDProdigy,26,60,0,3
KERMIT The frog,Kermit_the_frog,26,85,0,7
KERMIT The frog,Kermit_the_frog,27,40,0,5
Michael Georgopolous,MikeMikeyMikey,26,124,0,11
Michael Georgopolous,MikeMikeyMikey,27,12,0,4
Döner Kebab,UCanDoIt24,26,36,0,1
Döner Kebab,UCanDoIt24,27,12,0,2
Tyson Blaze,GlimsTC,26,170,0,19
Tyson Blaze,GlimsTC,27,85,0,19
Dragoș Vraciu,DELIRIVM,26,78,0,5
Dragoș Vraciu,DELIRIVM,27,4,0,2
Grant Transfer,Hacob,26,127,0,13
Grant Transfer,Hacob,27,88,0,16
Rylee Knock,nasbase,26,30,0,2
Rylee Knock,nasbase,27,61,0,11
Michele Honcho,Frantik,26,37,0,3
Michele Honcho,Frantik,27,66,0,13
Alyssa Barnes,Symmetrik,26,30,0,2
Alyssa Barnes,Symmetrik,27,59,0,11
Eghosa Nwachukwu,Rozek,27,36,0,3
Angry Lizard Jr.,McGriddy10,27,36,0,3
Zee Mir,zed_savage,26,30,0,2
Zee Mir,zed_savage,27,31,0,5
Katherine Valar,Revari,27,65,0,11
carter black,astafurilah,26,37,0,3
carter black,astafurilah,27,28,0,6
Stephen Eustáquisquid,Squid,26,37,0,3
Stephen Eustáquisquid,Squid,27,52,0,10
Franco Maestro,Zoone16,26,37,0,3
Franco Maestro,Zoone16,27,71,0,14
Pau Budget,omniscius,27,73,0,9
Obi-Wan Kenobi,LarryTheMVP,26,30,0,2
Obi-Wan Kenobi,LarryTheMVP,27,31,0,5
Ollie Turner,Antman,27,58,0,8
Vegetable Lasagna,Vulfzilla,27,56,0,7
Brickwall Buse,GBuse24,27,48,0,5
Galadriel-Garfunkel Electabuzz-Zooboomafoo,JURT,27,42,0,4
Brandon Blackfyre,ThunderTitan82,27,36,0,3
Omar Khattib,Daveyboy632,27,61,0,6
Micool CXXXII,Micool132,27,70,0,9
Anthony Privett,ggmeister,27,70,0,8
Char Zard,WildfireMicro,27,62,0,6
Led Tasso,Lumosityfan,27,55,0,5
Emmanuel Bocandé,iltornante,27,61,0,6
Super Luigi,Luvd,27,48,0,3
